run_index,hand,request_id,request_ts,glove_time_ms,time,palm_mcp_flex,palm_pip_flex,palm_mid_yaw,palm_mid_pitch,palm_mid_roll,palm_mid_ax,palm_mid_ay,palm_mid_az,palm_prox_yaw,palm_prox_pitch,palm_prox_roll,palm_prox_ax,palm_prox_ay,palm_prox_az,thumb_mcp_flex,thumb_pip_flex,thumb_mid_yaw,thumb_mid_pitch,thumb_mid_roll,thumb_mid_ax,thumb_mid_ay,thumb_mid_az,thumb_prox_yaw,thumb_prox_pitch,thumb_prox_roll,thumb_prox_ax,thumb_prox_ay,thumb_prox_az,index_mcp_flex,index_pip_flex,index_mid_yaw,index_mid_pitch,index_mid_roll,index_mid_ax,index_mid_ay,index_mid_az,index_prox_yaw,index_prox_pitch,index_prox_roll,index_prox_ax,index_prox_ay,index_prox_az,middle_mcp_flex,middle_pip_flex,middle_mid_yaw,middle_mid_pitch,middle_mid_roll,middle_mid_ax,middle_mid_ay,middle_mid_az,middle_prox_yaw,middle_prox_pitch,middle_prox_roll,middle_prox_ax,middle_prox_ay,middle_prox_az,ring_mcp_flex,ring_pip_flex,ring_mid_yaw,ring_mid_pitch,ring_mid_roll,ring_mid_ax,ring_mid_ay,ring_mid_az,ring_prox_yaw,ring_prox_pitch,ring_prox_roll,ring_prox_ax,ring_prox_ay,ring_prox_az,pinky_mcp_flex,pinky_pip_flex,pinky_mid_yaw,pinky_mid_pitch,pinky_mid_roll,pinky_mid_ax,pinky_mid_ay,pinky_mid_az,pinky_prox_yaw,pinky_prox_pitch,pinky_prox_roll,pinky_prox_ax,pinky_prox_ay,pinky_prox_az,wrist_ax,wrist_ay,wrist_az,wrist_heading,wrist_pitch,wrist_roll
1,LeftGlove,1,2026-04-17T09:43:04.398,339031,0,-1,-1,0,0,0,0,0,0,0.0,0,0,0.0,0.0,0.0,2068,2105,0.0,0.0,0,0.0,0.0,0.0,0.0,0.0,0,0.0,0.0,0.0,1709,1663,0,0,0,0.0,0.0,0.0,0.0,0,0,0.0,0.0,0.0,1607,2029,0.0,0.0,0,0.0,0,0.0,0.0,0,0,0.0,0.0,0.0,2010,2931,0.0,0,0,0.0,0,0.0,0.0,0,0,0.0,0.0,0.0,2873,2075,0.0,0,0,0.0,0.0,0.0,0.0,0,0,0.0,0.0,0.0,-0.22,2.32,9.46,0,-1.25,-14.06
1,LeftGlove,2,2026-04-17T09:43:04.913,339441,409,-1,-1,0,0,0,0,0,0,0.0,0,0,0.0,0.0,0.0,2072,2105,0.0,0.0,0,0.0,0.0,0.0,0.0,0.0,0,0.0,0.0,0.0,1711,1671,0,0,0,0.0,0.0,0.0,0.0,0,0,0.0,0.0,0.0,1608,2035,0.0,0.0,0,0.0,0,0.0,0.0,0,0,0.0,0.0,0.0,2015,2980,0.0,0,0,0.0,0,0.0,0.0,0,0,0.0,0.0,0.0,2915,2076,0.0,0,0,0.0,0.0,0.0,0.0,0,0,0.0,0.0,0.0,-0.21,2.34,9.49,0,-1.25,-14.06
1,LeftGlove,3,2026-04-17T09:43:05.058,339481,503,-1,-1,0,0,0,0,0,0,-0.04,0,0,0.0,0.0,0.0,2071,2105,-0.03,-0.01,0,0.0,0.0,-0.01,-0.03,-0.01,0,0.02,0.0,-0.01,1710,1669,0,0,0,0.0,0.0,0.0,-0.03,0,0,0.0,0.0,0.0,1611,2035,-0.01,0.0,0,0.0,0,0.0,-0.01,0,0,0.0,0.0,-0.01,2013,2986,-0.02,0,0,0.0,0,0.0,-0.02,0,0,0.0,0.0,0.0,2924,2075,-0.05,0,0,0.0,0.0,0.0,-0.01,0,0,0.0,0.0,0.01,-0.21,2.33,9.5,0,-1.25,-14.06
1,LeftGlove,4,2026-04-17T09:43:05.359,339850,880,-1,-1,0,0,0,0,0,0,0.0,0,0,0.0,0.0,0.0,2069,2105,-0.03,-0.01,0,0.0,0.01,0.0,0.0,0.0,0,0.0,0.0,0.0,1709,1669,0,0,0,0.0,0.0,0.0,0.0,0,0,0.0,0.0,0.0,1611,2031,0.0,0.0,0,0.0,0,0.0,0.0,0,0,0.0,0.0,0.0,2021,3050,0.0,0,0,0.0,0,0.0,-0.02,0,0,0.0,0.0,0.0,2973,2075,0.0,0,0,0.0,0.0,0.0,0.0,0,0,0.0,0.0,0.0,-0.22,2.33,9.51,0,-1.25,-14.06
1,LeftGlove,5,2026-04-17T09:43:05.533,339957,1040,-1,-1,0,0,0,0,0,0,-0.04,0,0,0.0,0.0,0.0,2056,2105,-0.03,-0.01,0,0.0,0.0,-0.01,-0.03,-0.01,0,0.01,0.01,0.01,1710,1669,0,0,0,0.0,0.0,0.0,-0.03,0,0,0.0,0.0,0.0,1612,2035,-0.01,0.0,0,0.0,0,0.0,-0.01,0,0,0.0,0.0,0.0,2020,3045,-0.02,0,0,0.0,0,0.0,-0.02,0,0,0.0,0.0,0.0,2964,2077,-0.05,0,0,0.0,-0.01,0.0,-0.01,0,0,0.0,0.0,0.01,-0.2,2.33,9.48,0,-1.25,-14.06
1,LeftGlove,6,2026-04-17T09:43:06.248,340874,1840,-1,-1,0,0,0,0,0,0,0.0,0,0,0.0,0.0,0.0,2070,2105,0.0,0.0,0,0.0,0.0,0.0,0.0,0.0,0,0.0,0.0,0.0,1705,1671,0,0,0,0.0,0.0,0.0,0.0,0,0,0.0,0.0,0.0,1609,2036,0.0,0.0,0,0.0,0,0.0,0.0,0,0,0.0,0.0,0.0,2014,2981,0.0,0,0,0.0,0,0.0,0.0,0,0,0.0,0.0,0.0,2914,2074,0.0,0,0,0.0,0.0,0.0,0.0,0,0,0.0,0.0,0.0,-0.24,2.33,9.49,0,-1.25,-14.06
1,LeftGlove,7,2026-04-17T09:43:06.763,341284,2250,-1,-1,0,0,0,0,0,0,0.0,0,0,0.0,0.0,0.0,2073,2103,0.0,0.0,0,0.0,0.0,0.0,0.0,0.0,0,0.0,0.0,0.0,1711,1671,0,0,0,0.0,0.0,0.0,0.0,0,0,0.0,0.0,0.0,1607,2035,0.0,0.0,0,0.0,0,0.0,0.0,0,0,0.0,0.0,0.0,2021,3047,0.0,0,0,0.0,0,0.0,0.0,0,0,0.0,0.0,0.0,2965,2077,0.0,0,0,0.0,0.0,0.0,0.0,0,0,0.0,0.0,0.0,-0.23,2.35,9.51,0,-1.25,-14.06
1,LeftGlove,8,2026-04-17T09:43:07.172,341693,2660,-1,-1,0,0,0,0,0,0,0.0,0,0,0.0,0.0,0.0,2072,2106,0.0,0.0,0,0.0,0.0,0.0,0.0,0.0,0,0.0,0.0,0.0,1709,1670,0,0,0,0.0,0.0,0.0,0.0,0,0,0.0,0.0,0.0,1609,2035,0.0,0.0,0,0.0,0,0.0,0.0,0,0,0.0,0.0,0.0,2019,3045,0.0,0,0,0.0,0,0.0,0.0,0,0,0.0,0.0,0.0,2979,2078,0.0,0,0,0.0,0.0,0.0,0.0,0,0,0.0,0.0,0.0,-0.2,2.34,9.51,0,-1.25,-14.06
1,LeftGlove,9,2026-04-17T09:43:07.582,342103,3069,-1,-1,0,0,0,0,0,0,0.0,0,0,0.0,0.0,0.0,2071,2107,0.0,0.0,0,0.0,0.0,0.0,0.0,0.0,0,0.0,0.0,0.0,1709,1657,0,0,0,0.0,0.0,0.0,0.0,0,0,0.0,0.0,0.0,1605,2035,0.0,0.0,0,0.0,0,0.0,0.0,0,0,0.0,0.0,0.0,2021,3053,0.0,0,0,0.0,0,0.0,0.0,0,0,0.0,0.0,0.0,2985,2075,0.0,0,0,0.0,0.0,0.0,0.0,0,0,0.0,0.0,0.0,-0.2,2.34,9.52,0,-1.25,-14.06
1,LeftGlove,10,2026-04-17T09:43:07.992,342512,3479,-1,-1,0,0,0,0,0,0,0.0,0,0,0.0,0.0,0.0,2069,2105,0.0,0.0,0,0.0,0.0,0.0,0.0,0.0,0,0.0,0.0,0.0,1715,1663,0,0,0,0.0,0.0,0.0,0.0,0,0,0.0,0.0,0.0,1609,2036,0.0,0.0,0,0.0,0,0.0,0.0,0,0,0.0,0.0,0.0,2021,3029,0.0,0,0,0.0,0,0.0,0.0,0,0,0.0,0.0,0.0,2963,2079,0.0,0,0,0.0,0.0,0.0,0.0,0,0,0.0,0.0,0.0,-0.26,2.33,9.48,0,-1.25,-14.06
1,LeftGlove,11,2026-04-17T09:43:08.401,342922,3888,-1,-1,0,0,0,0,0,0,0.0,0,0,0.0,0.0,0.0,2072,2103,0.0,0.0,0,0.0,0.0,0.0,0.0,0.0,0,0.0,0.0,0.0,1711,1671,0,0,0,0.0,0.0,0.0,0.0,0,0,0.0,0.0,0.0,1609,2037,0.0,0.0,0,0.0,0,0.0,0.0,0,0,0.0,0.0,0.0,2019,3032,0.0,0,0,0.0,0,0.0,0.0,0,0,0.0,0.0,0.0,2959,2077,0.0,0,0,0.0,0.0,0.0,0.0,0,0,0.0,0.0,0.0,-0.18,2.34,9.48,0,-1.25,-14.06
1,LeftGlove,12,2026-04-17T09:43:08.811,343332,4298,-1,-1,0,0,0,0,0,0,0.0,0,0,0.0,0.0,0.0,2071,2104,0.0,0.0,0,0.0,0.0,0.0,0.0,0.0,0,0.0,0.0,0.0,1717,1663,0,0,0,0.0,0.0,0.0,0.0,0,0,0.0,0.0,0.0,1609,2035,0.0,0.0,0,0.0,0,0.0,0.0,0,0,0.0,0.0,0.0,2019,3043,0.0,0,0,0.0,0,0.0,0.0,0,0,0.0,0.0,0.0,2972,2073,0.0,0,0,0.0,0.0,0.0,0.0,0,0,0.0,0.0,0.0,-0.21,2.31,9.53,0,-1.25,-14.06
1,LeftGlove,13,2026-04-17T09:43:09.220,343741,4708,-1,-1,0,0,0,0,0,0,0.0,0,0,0.0,0.0,0.0,2069,2105,0.0,0.0,0,0.0,0.0,0.0,0.0,0.0,0,0.0,0.0,0.0,1709,1671,0,0,0,0.0,0.0,0.0,0.0,0,0,0.0,0.0,0.0,1608,2035,0.0,0.0,0,0.0,0,0.0,0.0,0,0,0.0,0.0,0.0,2019,3063,0.0,0,0,0.0,0,0.0,0.0,0,0,0.0,0.0,0.0,2988,2076,0.0,0,0,0.0,0.0,0.0,0.0,0,0,0.0,0.0,0.0,-0.21,2.32,9.49,0,-1.25,-14.06
1,LeftGlove,14,2026-04-17T09:43:09.631,344151,5117,-1,-1,0,0,0,0,0,0,0.0,0,0,0.0,0.0,0.0,2073,2105,0.0,0.0,0,0.0,0.0,0.0,0.0,0.0,0,0.0,0.0,0.0,1709,1671,0,0,0,0.0,0.0,0.0,0.0,0,0,0.0,0.0,0.0,1611,2034,0.0,0.0,0,0.0,0,0.0,0.0,0,0,0.0,0.0,0.0,2023,3091,0.0,0,0,0.0,0,0.0,0.0,0,0,0.0,0.0,0.0,3013,2077,0.0,0,0,0.0,0.0,0.0,0.0,0,0,0.0,0.0,0.0,-0.22,2.35,9.52,0,-1.25,-14.06
1,LeftGlove,15,2026-04-17T09:43:10.040,344560,5527,-1,-1,0,0,0,0,0,0,0.0,0,0,0.0,0.0,0.0,2071,2107,0.0,0.0,0,0.0,0.0,0.0,0.0,0.0,0,0.0,0.0,0.0,1715,1671,0,0,0,0.0,0.0,0.0,0.0,0,0,0.0,0.0,0.0,1610,2035,0.0,0.0,0,0.0,0,0.0,0.0,0,0,0.0,0.0,0.0,2023,3111,0.0,0,0,0.0,0,0.0,0.0,0,0,0.0,0.0,0.0,3030,2076,0.0,0,0,0.0,0.0,0.0,0.0,0,0,0.0,0.0,0.0,-0.2,2.32,9.49,0,-1.25,-14.06
1,LeftGlove,16,2026-04-17T09:43:10.178,344601,5620,-1,-1,0,0,0,0,0,0,-0.04,0,0,0.0,0.0,0.0,2071,2107,-0.03,-0.01,0,0.0,0.0,0.01,-0.03,-0.01,0,0.02,0.01,0.0,1715,1671,0,0,0,0.0,0.0,0.0,-0.03,0,0,0.01,0.0,-0.01,1610,2031,-0.01,0.0,0,0.0,0,0.0,-0.01,0,0,0.0,0.0,0.0,2022,3111,-0.02,0,0,0.0,0,0.0,-0.02,0,0,0.0,0.0,0.0,3032,2077,-0.05,0,0,-0.01,0.0,0.0,-0.01,0,0,0.0,0.0,0.0,-0.21,2.34,9.53,0,-1.25,-14.06
1,LeftGlove,17,2026-04-17T09:43:10.477,344970,5997,-1,-1,0,0,0,0,0,0,0.0,0,0,0.0,0.0,0.0,2072,2104,0.0,0.0,0,0.0,0.0,0.0,-0.03,-0.01,0,0.01,0.01,0.0,1711,1661,0,0,0,0.0,0.0,0.0,0.0,0,0,0.0,0.0,0.0,1611,2035,0.0,0.0,0,0.0,0,0.0,0.0,0,0,0.0,0.0,0.0,2023,3109,0.0,0,0,0.0,0,0.0,0.0,0,0,0.0,0.0,0.0,3028,2077,-0.05,0,0,0.01,0.0,0.0,0.0,0,0,0.0,0.0,0.0,-0.2,2.35,9.5,0,-1.25,-14.06
1,LeftGlove,18,2026-04-17T09:43:10.647,345074,6159,-1,-1,0,0,0,0,0,0,-0.04,0,0,0.0,0.0,0.0,2068,2107,-0.03,-0.01,0,0.0,0.0,0.0,-0.03,-0.01,0,0.0,0.0,0.0,1704,1663,0,0,0,0.0,-0.01,0.01,-0.03,0,0,0.01,0.0,0.0,1605,2037,-0.01,0.0,0,0.01,0,0.0,-0.01,0,0,0.0,0.0,0.0,2024,3119,-0.02,0,0,0.0,0,0.01,-0.02,0,0,0.0,-0.01,-0.01,3038,2079,-0.05,0,0,0.0,0.0,0.01,-0.01,0,0,0.0,0.0,0.0,-0.22,2.36,9.51,0,-1.25,-14.06
1,LeftGlove,19,2026-04-17T09:43:11.016,345585,6551,-1,-1,0,0,0,0,0,0,0.0,0,0,0.0,0.0,0.0,2073,2103,0.0,0.0,0,0.0,0.0,0.0,0.0,0.0,0,0.0,0.0,0.0,1709,1671,0,0,0,0.0,0.0,0.0,0.0,0,0,0.0,0.0,0.0,1607,2036,0.0,0.0,0,0.0,0,0.0,0.0,0,0,0.0,0.0,0.0,2024,3119,0.0,0,0,0.0,0,0.0,0.0,0,0,0.0,0.0,0.0,3033,2077,0.0,0,0,0.0,0.0,0.0,0.0,0,0,0.0,0.0,0.0,-0.18,2.31,9.51,0,-1.25,-14.06
1,LeftGlove,20,2026-04-17T09:43:11.200,345635,6672,-1,-1,0,0,0,0,0,0,-0.04,0,0,0.0,0.0,0.0,2072,2107,-0.03,-0.01,0,0.0,0.0,0.0,-0.03,-0.01,0,-0.01,-0.01,0.0,1711,1671,0,0,0,0.0,0.0,0.0,-0.03,0,0,0.0,0.0,0.01,1613,2035,-0.01,0.0,0,0.0,0,0.0,-0.01,0,0,0.0,0.0,0.0,2023,3126,-0.02,0,0,0.0,0,0.0,-0.02,0,0,0.0,0.0,0.0,3035,2077,-0.05,0,0,0.0,0.0,0.01,-0.01,0,0,0.0,0.0,0.0,-0.2,2.29,9.48,0,-1.25,-14.06
1,LeftGlove,21,2026-04-17T09:43:11.684,346202,7167,-1,-1,0,0,0,0,0,0,0.0,0,0,0.0,0.0,0.0,2075,2105,0.0,0.0,0,0.0,0.0,0.0,0.0,0.0,0,0.0,0.0,0.0,1708,1670,0,0,0,0.0,0.0,0.0,0.0,0,0,0.0,0.0,0.0,1609,2035,0.0,0.0,0,0.0,0,0.0,0.0,0,0,0.0,0.0,0.0,2023,3092,0.0,0,0,0.0,0,0.0,0.0,0,0,0.0,0.0,0.0,3004,2077,0.0,0,0,0.0,0.0,0.0,0.0,0,0,0.0,0.0,0.0,-0.19,2.34,9.52,0,-1.25,-14.06
1,LeftGlove,22,2026-04-17T09:43:11.882,346404,7555,-1,-1,0,0,0,0,0,0,-0.04,0,0,0.0,0.0,0.0,2069,2105,-0.03,-0.01,0,0.0,0.0,0.0,-0.03,-0.01,0,-0.02,0.0,0.0,1715,1672,0,0,0,0.01,0.0,0.01,-0.03,0,0,0.0,0.0,0.0,1613,2035,-0.01,0.0,0,0.0,0,0.0,-0.01,0,0,0.0,0.0,-0.01,2022,3099,-0.02,0,0,0.0,0,0.0,0.0,0,0,0.0,0.0,0.0,3017,2073,0.0,0,0,0.0,0.0,0.0,0.0,0,0,0.0,0.0,0.0,-0.22,2.33,9.5,0,-1.25,-14.06
1,LeftGlove,23,2026-04-17T09:43:12.205,346630,7805,-1,-1,0,0,0,0,0,0,-0.04,0,0,0.0,0.0,0.0,2072,2105,-0.03,-0.01,0,0.0,0.0,-0.01,-0.03,-0.01,0,0.0,0.0,0.0,1711,1669,0,0,0,0.0,0.0,0.01,-0.03,0,0,0.0,0.0,0.0,1613,2036,-0.01,0.0,0,0.0,0,0.0,-0.01,0,0,0.0,0.01,0.0,2025,3100,-0.02,0,0,0.0,0,0.0,-0.02,0,0,0.0,0.0,0.0,3020,2079,-0.05,0,0,0.0,0.0,0.0,-0.01,0,0,0.0,0.0,0.0,-0.2,2.33,9.52,0,-1.25,-14.06
1,LeftGlove,24,2026-04-17T09:43:12.670,347223,8188,-1,-1,0,0,0,0,0,0,0.0,0,0,0.0,0.0,0.0,2072,2106,0.0,0.0,0,0.0,0.0,0.0,0.0,0.0,0,0.0,0.0,0.0,1711,1668,0,0,0,0.0,0.0,0.0,0.0,0,0,0.0,0.0,0.0,1609,2036,0.0,0.0,0,0.0,0,0.0,0.0,0,0,0.0,0.0,0.0,2025,3148,0.0,0,0,0.0,0,0.0,0.0,0,0,0.0,0.0,0.0,3061,2079,0.0,0,0,0.0,0.0,0.0,0.0,0,0,0.0,0.0,0.0,-0.23,2.3,9.48,0,-1.25,-14.06
1,LeftGlove,25,2026-04-17T09:43:13.112,347647,8614,-1,-1,0,0,0,0,0,0,0.0,0,0,0.0,0.0,0.0,2075,2107,0.0,0.0,0,0.0,0.0,0.0,0.0,0.0,0,0.0,0.0,0.0,1711,1669,0,0,0,0.0,0.0,0.0,0.0,0,0,0.0,0.0,0.0,1609,2035,0.0,0.0,0,0.0,0,0.0,0.0,0,0,0.0,0.0,0.0,2022,3097,0.0,0,0,0.0,0,0.0,0.0,0,0,0.0,0.0,0.0,3015,2075,0.0,0,0,0.0,0.0,0.0,0.0,0,0,0.0,0.0,0.0,-0.21,2.33,9.47,0,-1.25,-14.06
1,LeftGlove,26,2026-04-17T09:43:13.520,348042,9007,-1,-1,0,0,0,0,0,0,0.0,0,0,0.0,0.0,0.0,2068,2105,0.0,0.0,0,0.0,0.0,0.0,0.0,0.0,0,0.0,0.0,0.0,1709,1670,0,0,0,0.0,0.0,0.0,0.0,0,0,0.0,0.0,0.0,1609,2037,0.0,0.0,0,0.0,0,0.0,0.0,0,0,0.0,0.0,0.0,2024,3123,0.0,0,0,0.0,0,0.0,0.0,0,0,0.0,0.0,0.0,3029,2075,0.0,0,0,0.0,0.0,0.0,0.0,0,0,0.0,0.0,0.0,-0.21,2.32,9.48,0,-1.25,-14.06
1,LeftGlove,27,2026-04-17T09:43:13.931,348452,9417,-1,-1,0,0,0,0,0,0,0.0,0,0,0.0,0.0,0.0,2072,2106,0.0,0.0,0,0.0,0.0,0.0,0.0,0.0,0,0.0,0.0,0.0,1711,1663,0,0,0,0.0,0.0,0.0,0.0,0,0,0.0,0.0,0.0,1611,2032,0.0,0.0,0,0.0,0,0.0,0.0,0,0,0.0,0.0,0.0,2025,3133,0.0,0,0,0.0,0,0.0,0.0,0,0,0.0,0.0,0.0,3051,2078,0.0,0,0,0.0,0.0,0.0,0.0,0,0,0.0,0.0,0.0,-0.21,2.32,9.5,0,-1.25,-14.06
1,LeftGlove,28,2026-04-17T09:43:14.348,348866,9833,-1,-1,0,0,0,0,0,0,0.0,0,0,0.0,0.0,0.0,2069,2105,0.0,0.0,0,0.0,0.0,0.0,0.0,0.0,0,0.0,0.0,0.0,1711,1663,0,0,0,0.0,0.0,0.0,0.0,0,0,0.0,0.0,0.0,1609,2036,0.0,0.0,0,0.0,0,0.0,0.0,0,0,0.0,0.0,0.0,2025,3131,0.0,0,0,0.0,0,0.0,0.0,0,0,0.0,0.0,0.0,3048,2077,0.0,0,0,0.0,0.0,0.0,0.0,0,0,0.0,0.0,0.0,-0.21,2.3,9.52,0,-1.25,-14.06
1,LeftGlove,29,2026-04-17T09:43:14.545,349066,10221,-1,-1,0,0,0,0,0,0,-0.04,0,0,0.0,0.0,-0.01,2074,2106,-0.03,-0.01,0,0.0,0.0,0.0,-0.03,-0.01,0,0.02,0.01,0.0,1715,1670,0,0,0,0.0,0.0,0.0,-0.03,0,0,0.0,0.0,0.0,1613,2035,-0.01,0.0,0,0.0,0,-0.01,-0.01,0,0,0.0,0.0,0.0,2023,3124,-0.02,0,0,0.0,0,0.0,0.0,0,0,0.0,0.0,0.0,3043,2077,0.0,0,0,0.0,0.0,0.0,0.0,0,0,0.0,0.0,0.0,-0.21,2.33,9.52,0,-1.25,-14.06
1,LeftGlove,30,2026-04-17T09:43:15.042,349682,10650,-1,-1,0,0,0,0,0,0,0.0,0,0,0.0,0.0,0.0,2072,2105,0.0,0.0,0,0.0,0.0,0.0,0.0,0.0,0,0.0,0.0,0.0,1709,1668,0,0,0,0.0,0.0,0.0,0.0,0,0,0.0,0.0,0.0,1612,2035,0.0,0.0,0,0.0,0,0.0,0.0,0,0,0.0,0.0,0.0,2025,3129,0.0,0,0,0.0,0,0.0,0.0,0,0,0.0,0.0,0.0,3044,2078,0.0,0,0,0.0,0.0,0.0,0.0,0,0,0.0,0.0,0.0,-0.19,2.33,9.47,0,-1.25,-14.06
1,LeftGlove,31,2026-04-17T09:43:15.449,349886,11042,-1,-1,0,0,0,0,0,0,-0.04,0,0,0.0,0.0,0.0,2072,2105,-0.03,-0.01,0,0.0,0.0,-0.01,-0.03,-0.01,0,0.01,0.01,0.0,1711,1671,0,0,0,0.0,0.0,-0.01,-0.03,0,0,0.0,0.0,0.0,1621,2037,-0.01,0.0,0,0.0,0,0.01,-0.01,0,0,0.0,0.0,0.0,2021,3102,-0.02,0,0,0.0,0,0.01,0.0,0,0,0.0,0.0,0.0,3021,2075,0.0,0,0,0.0,0.0,0.0,0.0,0,0,0.0,0.0,0.0,-0.21,2.3,9.48,0,-1.25,-14.06
1,LeftGlove,32,2026-04-17T09:43:15.990,350500,11465,-1,-1,0,0,0,0,0,0,0.0,0,0,0.0,0.0,0.0,2071,2103,0.0,0.0,0,0.0,0.0,0.0,0.0,0.0,0,0.0,0.0,0.0,1708,1663,0,0,0,0.0,0.0,0.0,0.0,0,0,0.0,0.0,0.0,1611,2034,0.0,0.0,0,0.0,0,0.0,0.0,0,0,0.0,0.0,0.0,2024,3117,0.0,0,0,0.0,0,0.0,0.0,0,0,0.0,0.0,0.0,3033,2079,0.0,0,0,0.0,0.0,0.0,0.0,0,0,0.0,0.0,0.0,-0.21,2.32,9.54,0,-1.25,-14.06
1,LeftGlove,33,2026-04-17T09:43:16.400,350834,11861,-1,-1,0,0,0,0,0,0,-0.04,0,0,0.0,0.0,0.0,2072,2105,-0.03,-0.01,0,0.0,0.0,0.0,0.0,0.0,0,0.0,0.0,0.0,1711,1669,0,0,0,0.0,0.0,0.0,0.0,0,0,0.0,0.0,0.0,1611,2035,0.0,0.0,0,0.0,0,0.0,0.0,0,0,0.0,0.0,0.0,2023,3115,0.0,0,0,0.0,0,0.0,0.0,0,0,0.0,0.0,0.0,3035,2077,0.0,0,0,0.0,0.0,0.0,0.0,0,0,0.0,0.0,0.0,-0.2,2.32,9.53,0,-1.25,-14.06
1,LeftGlove,34,2026-04-17T09:43:16.814,351319,12284,-1,-1,0,0,0,0,0,0,0.0,0,0,0.0,0.0,0.0,2069,2106,0.0,0.0,0,0.0,0.0,0.0,0.0,0.0,0,0.0,0.0,0.0,1715,1663,0,0,0,0.0,0.0,0.0,0.0,0,0,0.0,0.0,0.0,1606,2036,0.0,0.0,0,0.0,0,0.0,0.0,0,0,0.0,0.0,0.0,2025,3124,0.0,0,0,0.0,0,0.0,0.0,0,0,0.0,0.0,0.0,3037,2073,0.0,0,0,0.0,0.0,0.0,0.0,0,0,0.0,0.0,0.0,-0.21,2.34,9.49,0,-1.25,-14.06
1,LeftGlove,35,2026-04-17T09:43:17.292,351728,12693,-1,-1,0,0,0,0,0,0,0.0,0,0,0.0,0.0,0.0,2073,2105,0.0,0.0,0,0.0,0.0,0.0,0.0,0.0,0,0.0,0.0,0.0,1708,1669,0,0,0,0.0,0.0,0.0,0.0,0,0,0.0,0.0,0.0,1609,2036,0.0,0.0,0,0.0,0,0.0,0.0,0,0,0.0,0.0,0.0,2023,3119,0.0,0,0,0.0,0,0.0,0.0,0,0,0.0,0.0,0.0,3037,2076,0.0,0,0,0.0,0.0,0.0,0.0,0,0,0.0,0.0,0.0,-0.2,2.33,9.47,0,-1.25,-14.06
1,LeftGlove,36,2026-04-17T09:43:17.422,351933,13089,-1,-1,0,0,0,0,0,0,-0.04,0,0,0.0,0.0,0.0,2071,2109,-0.03,-0.01,0,0.01,0.0,0.0,-0.03,-0.01,0,0.01,0.0,0.0,1717,1671,0,0,0,0.0,0.0,0.0,-0.03,0,0,0.0,0.0,0.0,1612,2037,-0.01,0.0,0,0.0,0,0.0,-0.01,0,0,0.0,0.0,0.0,2024,3104,-0.02,0,0,0.0,0,0.0,0.0,0,0,0.0,0.0,0.0,3022,2077,0.0,0,0,0.0,0.0,0.0,0.0,0,0,0.0,0.0,0.0,-0.2,2.33,9.51,0,-1.25,-14.06
1,LeftGlove,37,2026-04-17T09:43:18.027,352547,13512,-1,-1,0,0,0,0,0,0,0.0,0,0,0.0,0.0,0.0,2069,2103,0.0,0.0,0,0.0,0.0,0.0,0.0,0.0,0,0.0,0.0,0.0,1708,1667,0,0,0,0.0,0.0,0.0,0.0,0,0,0.0,0.0,0.0,1607,2035,0.0,0.0,0,0.0,0,0.0,0.0,0,0,0.0,0.0,0.0,2024,3107,0.0,0,0,0.0,0,0.0,0.0,0,0,0.0,0.0,0.0,3021,2075,0.0,0,0,0.0,0.0,0.0,0.0,0,0,0.0,0.0,0.0,-0.22,2.31,9.48,0,-1.25,-14.06
1,LeftGlove,38,2026-04-17T09:43:18.167,352594,13622,-1,-1,0,0,0,0,0,0,-0.04,0,0,0.0,0.0,0.0,2069,2105,-0.03,-0.01,0,0.0,0.0,0.0,-0.03,-0.01,0,0.02,0.01,0.0,1709,1671,0,0,0,0.0,0.0,-0.01,-0.03,0,0,0.0,0.0,-0.01,1609,2037,-0.01,0.0,0,0.0,0,0.0,-0.01,0,0,0.0,0.0,0.01,2023,3099,-0.02,0,0,0.0,0,0.0,-0.02,0,0,0.0,0.0,0.0,3019,2077,-0.05,0,0,0.0,0.0,0.0,-0.01,0,0,0.0,0.0,0.0,-0.21,2.34,9.49,0,-1.25,-14.06
1,LeftGlove,39,2026-04-17T09:43:18.640,353162,14129,-1,-1,0,0,0,0,0,0,0.0,0,0,0.0,0.0,0.0,2069,2105,0.0,0.0,0,0.0,0.0,0.0,0.0,0.0,0,0.0,0.0,0.0,1708,1669,0,0,0,0.0,0.0,0.0,0.0,0,0,0.0,0.0,0.0,1609,2041,0.0,0.0,0,0.0,0,0.0,0.0,0,0,0.0,0.0,0.0,2022,3084,0.0,0,0,0.0,0,0.0,0.0,0,0,0.0,0.0,0.0,3001,2075,0.0,0,0,0.0,0.0,0.0,0.0,0,0,0.0,0.0,0.0,-0.23,2.35,9.5,0,-1.25,-14.06
1,LeftGlove,40,2026-04-17T09:43:18.823,353367,14527,-1,-1,0,0,0,0,0,0,-0.04,0,0,0.0,0.01,0.0,2075,2106,-0.03,-0.01,0,0.0,0.0,-0.01,-0.03,-0.01,0,0.02,0.01,0.0,1715,1671,0,0,0,0.0,0.0,-0.01,-0.03,0,0,0.0,0.0,-0.01,1612,2037,-0.01,0.0,0,0.0,0,0.0,-0.01,0,0,0.0,0.0,0.01,2021,3093,-0.02,0,0,0.0,0,-0.01,0.0,0,0,0.0,0.0,0.0,3013,2077,0.0,0,0,0.0,0.0,0.0,0.0,0,0,0.0,0.0,0.0,-0.22,2.3,9.47,0,-1.25,-14.06
1,LeftGlove,41,2026-04-17T09:43:19.587,354186,15151,-1,-1,0,0,0,0,0,0,0.0,0,0,0.0,0.0,0.0,2071,2105,0.0,0.0,0,0.0,0.0,0.0,0.0,0.0,0,0.0,0.0,0.0,1707,1669,0,0,0,0.0,0.0,0.0,0.0,0,0,0.0,0.0,0.0,1608,2037,0.0,0.0,0,0.0,0,0.0,0.0,0,0,0.0,0.0,0.0,2020,3043,0.0,0,0,0.0,0,0.0,0.0,0,0,0.0,0.0,0.0,2967,2076,0.0,0,0,0.0,0.0,0.0,0.0,0,0,0.0,0.0,0.0,-0.23,2.36,9.5,0,-1.25,-14.06
1,LeftGlove,42,2026-04-17T09:43:20.074,354595,15560,-1,-1,0,0,0,0,0,0,0.0,0,0,0.0,0.0,0.0,2073,2103,0.0,0.0,0,0.0,0.0,0.0,0.0,0.0,0,0.0,0.0,0.0,1717,1671,0,0,0,0.0,0.0,0.0,0.0,0,0,0.0,0.0,0.0,1609,2036,0.0,0.0,0,0.0,0,0.0,0.0,0,0,0.0,0.0,0.0,2019,3035,0.0,0,0,0.0,0,0.0,0.0,0,0,0.0,0.0,0.0,2963,2079,0.0,0,0,0.0,0.0,0.0,0.0,0,0,0.0,0.0,0.0,-0.19,2.32,9.51,0,-1.25,-14.06
1,LeftGlove,43,2026-04-17T09:43:20.484,355005,15970,-1,-1,0,0,0,0,0,0,0.0,0,0,0.0,0.0,0.0,2071,2103,0.0,0.0,0,0.0,0.0,0.0,0.0,0.0,0,0.0,0.0,0.0,1709,1671,0,0,0,0.0,0.0,0.0,0.0,0,0,0.0,0.0,0.0,1607,2032,0.0,0.0,0,0.0,0,0.0,0.0,0,0,0.0,0.0,0.0,2018,3036,0.0,0,0,0.0,0,0.0,0.0,0,0,0.0,0.0,0.0,2963,2077,0.0,0,0,0.0,0.0,0.0,0.0,0,0,0.0,0.0,0.0,-0.19,2.35,9.51,0,-1.25,-14.06
1,LeftGlove,44,2026-04-17T09:43:20.893,355415,16380,-1,-1,0,0,0,0,0,0,0.0,0,0,0.0,0.0,0.0,2072,2103,0.0,0.0,0,0.0,0.0,0.0,0.0,0.0,0,0.0,0.0,0.0,1707,1669,0,0,0,0.0,0.0,0.0,0.0,0,0,0.0,0.0,0.0,1611,2035,0.0,0.0,0,0.0,0,0.0,0.0,0,0,0.0,0.0,0.0,2019,3031,0.0,0,0,0.0,0,0.0,0.0,0,0,0.0,0.0,0.0,2955,2075,0.0,0,0,0.0,0.0,0.0,0.0,0,0,0.0,0.0,0.0,-0.21,2.34,9.45,0,-1.25,-14.06
1,LeftGlove,45,2026-04-17T09:43:21.030,355453,16468,-1,-1,0,0,0,0,0,0,-0.04,0,0,0.0,0.0,0.0,2068,2103,-0.03,-0.01,0,0.0,0.0,0.0,-0.03,-0.01,0,-0.02,0.0,0.0,1709,1668,0,0,0,0.0,0.0,0.0,-0.03,0,0,0.0,0.0,0.0,1609,2035,-0.01,0.0,0,0.0,0,-0.01,-0.01,0,0,0.0,0.0,0.0,2019,3027,-0.02,0,0,0.01,0,0.0,-0.02,0,0,0.01,0.0,0.0,2952,2077,-0.05,0,0,0.0,0.01,0.01,-0.01,0,0,0.0,0.0,0.0,-0.23,2.32,9.5,0,-1.25,-14.06
1,LeftGlove,46,2026-04-17T09:43:21.507,356029,16997,-1,-1,0,0,0,0,0,0,0.0,0,0,0.0,0.0,0.0,2073,2103,0.0,0.0,0,0.0,0.0,0.0,0.0,0.0,0,0.0,0.0,0.0,1709,1663,0,0,0,0.0,0.0,0.0,0.0,0,0,0.0,0.0,0.0,1607,2036,0.0,0.0,0,0.0,0,0.0,0.0,0,0,0.0,0.0,0.0,2021,3042,0.0,0,0,0.0,0,0.0,0.0,0,0,0.0,0.0,0.0,2973,2077,0.0,0,0,0.0,0.0,0.0,0.0,0,0,0.0,0.0,0.0,-0.2,2.33,9.5,0,-1.25,-14.06
1,LeftGlove,47,2026-04-17T09:43:21.919,356439,17406,-1,-1,0,0,0,0,0,0,0.0,0,0,0.0,0.0,0.0,2071,2103,0.0,0.0,0,0.0,0.0,0.0,0.0,0.0,0,0.0,0.0,0.0,1709,1671,0,0,0,0.0,0.0,0.0,0.0,0,0,0.0,0.0,0.0,1613,2037,0.0,0.0,0,0.0,0,0.0,0.0,0,0,0.0,0.0,0.0,2020,3031,0.0,0,0,0.0,0,0.0,0.0,0,0,0.0,0.0,0.0,2963,2076,0.0,0,0,0.0,0.0,0.0,0.0,0,0,0.0,0.0,0.0,-0.24,2.36,9.54,0,-1.25,-14.06
1,LeftGlove,48,2026-04-17T09:43:22.328,356848,17816,-1,-1,0,0,0,0,0,0,0.0,0,0,0.0,0.0,0.0,2073,2107,0.0,0.0,0,0.0,0.0,0.0,0.0,0.0,0,0.0,0.0,0.0,1715,1663,0,0,0,0.0,0.0,0.0,0.0,0,0,0.0,0.0,0.0,1609,2037,0.0,0.0,0,0.0,0,0.0,0.0,0,0,0.0,0.0,0.0,2019,3005,0.0,0,0,0.0,0,0.0,0.0,0,0,0.0,0.0,0.0,2941,2077,0.0,0,0,0.0,0.0,0.0,0.0,0,0,0.0,0.0,0.0,-0.18,2.38,9.41,0,-1.25,-14.06
1,LeftGlove,49,2026-04-17T09:43:22.494,356917,17981,-1,-1,0,0,0,0,0,0,-0.04,0,0,0.0,0.0,0.01,2073,2104,-0.03,-0.01,0,0.0,0.0,0.0,-0.03,-0.01,0,0.01,0.01,0.0,1709,1670,0,0,0,0.0,0.0,0.0,-0.03,0,0,0.0,0.0,0.0,1611,2037,-0.01,0.0,0,-0.01,0,0.0,-0.01,0,0,0.0,0.0,0.0,2019,3007,-0.02,0,0,0.0,0,0.0,-0.02,0,0,0.0,0.0,0.0,2941,2077,-0.05,0,0,0.0,0.0,0.0,-0.01,0,0,0.0,0.0,0.0,-0.23,2.38,9.45,0,-1.25,-14.0
1,LeftGlove,50,2026-04-17T09:43:22.940,357462,18427,-1,-1,0,0,0,0,0,0,0.0,0,0,0.0,0.0,0.0,2071,2103,0.0,0.0,0,0.0,0.0,0.0,0.0,0.0,0,0.0,0.0,0.0,1709,1669,0,0,0,0.0,0.0,0.0,0.0,0,0,0.0,0.0,0.0,1609,2036,0.0,0.0,0,0.0,0,0.0,0.0,0,0,0.0,0.0,0.0,2020,3026,0.0,0,0,0.0,0,0.0,0.0,0,0,0.0,0.0,0.0,2955,2077,0.0,0,0,0.0,0.0,0.0,0.0,0,0,0.0,0.0,0.0,-0.19,2.35,9.52,0,-1.25,-14.0
1,LeftGlove,51,2026-04-17T09:43:23.351,357872,18837,-1,-1,0,0,0,0,0,0,0.0,0,0,0.0,0.0,0.0,2077,2105,0.0,0.0,0,0.0,0.0,0.0,0.0,0.0,0,0.0,0.0,0.0,1709,1663,0,0,0,0.0,0.0,0.0,0.0,0,0,0.0,0.0,0.0,1609,2031,0.0,0.0,0,0.0,0,0.0,0.0,0,0,0.0,0.0,0.0,2019,3021,0.0,0,0,0.0,0,0.0,0.0,0,0,0.0,0.0,0.0,2952,2075,0.0,0,0,0.0,0.0,0.0,0.0,0,0,0.0,0.0,0.0,-0.2,2.32,9.5,0,-1.25,-14.0
1,LeftGlove,52,2026-04-17T09:43:23.761,358282,19247,-1,-1,0,0,0,0,0,0,0.0,0,0,0.0,0.0,0.0,2073,2107,0.0,0.0,0,0.0,0.0,0.0,0.0,0.0,0,0.0,0.0,0.0,1711,1669,0,0,0,0.0,0.0,0.0,0.0,0,0,0.0,0.0,0.0,1611,2036,0.0,0.0,0,0.0,0,0.0,0.0,0,0,0.0,0.0,0.0,2021,3029,0.0,0,0,0.0,0,0.0,0.0,0,0,0.0,0.0,0.0,2955,2076,0.0,0,0,0.0,0.0,0.0,0.0,0,0,0.0,0.0,0.0,-0.21,2.36,9.46,0,-1.25,-14.0
1,LeftGlove,53,2026-04-17T09:43:24.171,358691,19656,-1,-1,0,0,0,0,0,0,0.0,0,0,0.0,0.0,0.0,2073,2104,0.0,0.0,0,0.0,0.0,0.0,0.0,0.0,0,0.0,0.0,0.0,1711,1659,0,0,0,0.0,0.0,0.0,0.0,0,0,0.0,0.0,0.0,1607,2036,0.0,0.0,0,0.0,0,0.0,0.0,0,0,0.0,0.0,0.0,2020,3022,0.0,0,0,0.0,0,0.0,0.0,0,0,0.0,0.0,0.0,2955,2073,0.0,0,0,0.0,0.0,0.0,0.0,0,0,0.0,0.0,0.0,-0.2,2.3,9.49,0,-1.25,-14.06
1,LeftGlove,54,2026-04-17T09:43:24.312,358754,19806,-1,-1,0,0,0,0,0,0,-0.04,0,0,0.0,0.0,0.0,2068,2103,-0.03,-0.01,0,0.01,0.0,-0.01,-0.03,-0.01,0,-0.02,0.0,0.0,1717,1673,0,0,0,0.0,0.0,0.01,-0.03,0,0,0.0,0.0,-0.01,1613,2032,-0.01,0.0,0,0.0,0,0.0,-0.01,0,0,0.0,0.0,-0.01,2020,3021,-0.02,0,0,0.0,0,0.0,-0.02,0,0,0.0,0.0,0.01,2956,2076,-0.05,0,0,0.0,0.0,0.0,-0.01,0,0,-0.01,0.0,0.01,-0.19,2.35,9.5,0,-1.25,-14.06
1,LeftGlove,55,2026-04-17T09:43:24.783,359306,20274,-1,-1,0,0,0,0,0,0,0.0,0,0,0.0,0.0,0.0,2071,2103,0.0,0.0,0,0.0,0.0,0.0,0.0,0.0,0,0.0,0.0,0.0,1707,1669,0,0,0,0.0,0.0,0.0,0.0,0,0,0.0,0.0,0.0,1609,2031,0.0,0.0,0,0.0,0,0.0,0.0,0,0,0.0,0.0,0.0,2018,3033,0.0,0,0,0.0,0,0.0,0.0,0,0,0.0,0.0,0.0,2967,2077,0.0,0,0,0.0,0.0,0.0,0.0,0,0,0.0,0.0,0.0,-0.19,2.35,9.47,0,-1.25,-14.06
1,LeftGlove,56,2026-04-17T09:43:25.194,359715,20683,-1,-1,0,0,0,0,0,0,0.0,0,0,0.0,0.0,0.0,2071,2107,0.0,0.0,0,0.0,0.0,0.0,0.0,0.0,0,0.0,0.0,0.0,1709,1671,0,0,0,0.0,0.0,0.0,0.0,0,0,0.0,0.0,0.0,1607,2037,0.0,0.0,0,0.0,0,0.0,0.0,0,0,0.0,0.0,0.0,2021,3044,0.0,0,0,0.0,0,0.0,0.0,0,0,0.0,0.0,0.0,2971,2076,0.0,0,0,0.0,0.0,0.0,0.0,0,0,0.0,0.0,0.0,-0.23,2.33,9.46,0,-1.25,-14.06
1,LeftGlove,57,2026-04-17T09:43:25.604,360227,21193,-1,-1,0,0,0,0,0,0,0.0,0,0,0.0,0.0,0.0,2073,2103,0.0,0.0,0,0.0,0.0,0.0,0.0,0.0,0,0.0,0.0,0.0,1710,1669,0,0,0,0.0,0.0,0.0,0.0,0,0,0.0,0.0,0.0,1610,2036,0.0,0.0,0,0.0,0,0.0,0.0,0,0,0.0,0.0,0.0,2021,3051,0.0,0,0,0.0,0,0.0,0.0,0,0,0.0,0.0,0.0,2973,2078,0.0,0,0,0.0,0.0,0.0,0.0,0,0,0.0,0.0,0.0,-0.2,2.31,9.46,0,-1.25,-14.06
1,LeftGlove,58,2026-04-17T09:43:26.116,360549,21572,-1,-1,0,0,0,0,0,0,-0.04,0,0,0.0,0.0,-0.01,2072,2107,-0.03,-0.01,0,0.0,0.0,0.0,0.0,0.0,0,0.0,0.0,0.0,1715,1672,0,0,0,0.0,0.0,0.0,0.0,0,0,0.0,0.0,0.0,1610,2037,0.0,0.0,0,0.0,0,0.0,0.0,0,0,0.0,0.0,0.0,2022,3044,0.0,0,0,0.0,0,0.0,0.0,0,0,0.0,0.0,0.0,2973,2077,0.0,0,0,0.0,0.0,0.0,0.0,0,0,0.0,0.0,0.0,-0.21,2.31,9.42,0,-1.25,-14.06
1,LeftGlove,59,2026-04-17T09:43:26.228,360653,21705,-1,-1,0,0,0,0,0,0,-0.04,0,0,0.0,0.0,0.0,2072,2105,-0.03,-0.01,0,0.0,-0.01,0.0,-0.03,-0.01,0,0.0,0.0,0.0,1715,1671,0,0,0,0.0,0.0,0.0,-0.03,0,0,0.0,0.0,0.0,1611,2031,-0.01,0.0,0,0.0,0,-0.01,-0.01,0,0,0.0,0.0,0.01,2019,3044,-0.02,0,0,0.0,0,0.01,-0.02,0,0,0.0,0.0,0.0,2975,2077,-0.05,0,0,0.0,0.0,0.0,-0.01,0,0,0.0,0.0,-0.01,-0.24,2.28,9.41,0,-1.25,-14.06
1,LeftGlove,60,2026-04-17T09:43:26.627,361149,22114,-1,-1,0,0,0,0,0,0,0.0,0,0,0.0,0.0,0.0,2071,2107,0.0,0.0,0,0.0,0.0,0.0,0.0,0.0,0,0.0,0.0,0.0,1708,1669,0,0,0,0.0,0.0,0.0,0.0,0,0,0.0,0.0,0.0,1607,2036,0.0,0.0,0,0.0,0,0.0,0.0,0,0,0.0,0.0,0.0,2021,3047,0.0,0,0,0.0,0,0.0,0.0,0,0,0.0,0.0,0.0,2972,2075,0.0,0,0,0.0,0.0,0.0,0.0,0,0,0.0,0.0,0.0,-0.21,2.32,9.5,0,-1.25,-14.06
1,LeftGlove,61,2026-04-17T09:43:27.039,361558,22523,-1,-1,0,0,0,0,0,0,0.0,0,0,0.0,0.0,0.0,2073,2104,0.0,0.0,0,0.0,0.0,0.0,0.0,0.0,0,0.0,0.0,0.0,1711,1671,0,0,0,0.0,0.0,0.0,0.0,0,0,0.0,0.0,0.0,1611,2036,0.0,0.0,0,0.0,0,0.0,0.0,0,0,0.0,0.0,0.0,2021,3042,0.0,0,0,0.0,0,0.0,0.0,0,0,0.0,0.0,0.0,2968,2077,0.0,0,0,0.0,0.0,0.0,0.0,0,0,0.0,0.0,0.0,-0.23,2.32,9.51,0,-1.25,-14.06
1,LeftGlove,62,2026-04-17T09:43:27.448,361968,22933,-1,-1,0,0,0,0,0,0,0.0,0,0,0.0,0.0,0.0,2073,2101,0.0,0.0,0,0.0,0.0,0.0,0.0,0.0,0,0.0,0.0,0.0,1711,1672,0,0,0,0.0,0.0,0.0,0.0,0,0,0.0,0.0,0.0,1608,2031,0.0,0.0,0,0.0,0,0.0,0.0,0,0,0.0,0.0,0.0,2023,3045,0.0,0,0,0.0,0,0.0,0.0,0,0,0.0,0.0,0.0,2969,2077,0.0,0,0,0.0,0.0,0.0,0.0,0,0,0.0,0.0,0.0,-0.23,2.31,9.47,0,-1.25,-14.06
1,LeftGlove,63,2026-04-17T09:43:27.858,362378,23343,-1,-1,0,0,0,0,0,0,0.0,0,0,0.0,0.0,0.0,2071,2105,0.0,0.0,0,0.0,0.0,0.0,0.0,0.0,0,0.0,0.0,0.0,1709,1662,0,0,0,0.0,0.0,0.0,0.0,0,0,0.0,0.0,0.0,1609,2035,0.0,0.0,0,0.0,0,0.0,0.0,0,0,0.0,0.0,0.0,2021,3038,0.0,0,0,0.0,0,0.0,0.0,0,0,0.0,0.0,0.0,2965,2077,0.0,0,0,0.0,0.0,0.0,0.0,0,0,0.0,0.0,0.0,-0.2,2.3,9.51,0,-1.25,-14.06
1,LeftGlove,64,2026-04-17T09:43:28.369,362805,23771,-1,-1,0,0,0,0,0,0,0.0,0,0,0.0,0.0,0.0,2069,2106,0.0,0.0,0,0.0,0.0,0.0,0.0,0.0,0,0.0,0.0,0.0,1709,1671,0,0,0,0.0,0.0,0.0,0.0,0,0,0.0,0.0,0.0,1609,2035,0.0,0.0,0,0.0,0,0.0,0.0,0,0,0.0,0.0,0.0,2019,3015,0.0,0,0,0.0,0,0.0,0.0,0,0,0.0,0.0,0.0,2941,2077,0.0,0,0,0.0,0.0,0.0,0.0,0,0,0.0,0.0,0.0,-0.19,2.31,9.44,0,-1.25,-14.06
1,LeftGlove,65,2026-04-17T09:43:28.427,362853,23889,-1,-1,0,0,0,0,0,0,-0.04,0,0,0.01,-0.01,0.0,2072,2107,-0.03,-0.01,0,0.0,0.01,0.0,-0.03,-0.01,0,-0.02,-0.01,0.0,1715,1669,0,0,0,0.0,0.0,-0.01,-0.03,0,0,0.01,0.01,0.0,1613,2035,-3.14,0.01,0,0.01,0,0.01,-0.01,0,0,0.01,0.0,0.0,2019,3017,-0.02,0,0,0.0,0,-0.01,-0.02,0,0,0.0,0.0,0.0,2941,2079,-0.05,0,0,0.0,0.0,0.0,-0.01,0,0,0.0,0.0,0.0,-0.18,2.31,9.51,0,-1.25,-14.06
1,LeftGlove,66,2026-04-17T09:43:29.001,363606,24571,-1,-1,0,0,0,0,0,0,0.0,0,0,0.0,0.0,0.0,2072,2105,0.0,0.0,0,0.0,0.0,0.0,0.0,0.0,0,0.0,0.0,0.0,1709,1663,0,0,0,0.0,0.0,0.0,0.0,0,0,0.0,0.0,0.0,1611,2036,0.0,0.0,0,0.0,0,0.0,0.0,0,0,0.0,0.0,0.0,2019,3021,0.0,0,0,0.0,0,0.0,0.0,0,0,0.0,0.0,0.0,2949,2076,0.0,0,0,0.0,0.0,0.0,0.0,0,0,0.0,0.0,0.0,-0.18,2.33,9.44,0,-1.25,-14.06
1,LeftGlove,67,2026-04-17T09:43:29.496,364018,24983,-1,-1,0,0,0,0,0,0,0.0,0,0,0.0,0.0,0.0,2072,2107,0.0,0.0,0,0.0,0.0,0.0,0.0,0.0,0,0.0,0.0,0.0,1715,1671,0,0,0,0.0,0.0,0.0,0.0,0,0,0.0,0.0,0.0,1609,2037,0.0,0.0,0,0.0,0,0.0,0.0,0,0,0.0,0.0,0.0,2018,3015,0.0,0,0,0.0,0,0.0,0.0,0,0,0.0,0.0,0.0,2941,2079,0.0,0,0,0.0,0.0,0.0,0.0,0,0,0.0,0.0,0.0,-0.23,2.35,9.48,0,-1.25,-14.06
1,LeftGlove,68,2026-04-17T09:43:29.635,364061,25088,-1,-1,0,0,0,0,0,0,-0.04,0,0,0.0,0.0,-0.01,2074,2104,-0.03,-0.01,0,0.01,0.0,0.0,-0.03,-0.01,0,0.02,0.01,-0.01,1711,1673,0,0,0,0.0,0.0,0.0,-0.03,0,0,0.0,0.01,0.01,1612,2036,-0.01,0.0,0,0.0,0,0.0,-0.01,0,0,0.0,0.0,0.0,2019,3000,-0.02,0,0,0.01,0,-0.01,-0.02,0,0,0.0,0.0,0.0,2934,2077,-0.05,0,0,0.0,0.0,-0.01,-0.01,0,0,0.0,-0.01,0.0,-0.21,2.35,9.48,0,-1.25,-14.06
1,LeftGlove,69,2026-04-17T09:43:30.109,364630,25595,-1,-1,0,0,0,0,0,0,0.0,0,0,0.0,0.0,0.0,2072,2105,0.0,0.0,0,0.0,0.0,0.0,0.0,0.0,0,0.0,0.0,0.0,1710,1674,0,0,0,0.0,0.0,0.0,0.0,0,0,0.0,0.0,0.0,1611,2033,0.0,0.0,0,0.0,0,0.0,0.0,0,0,0.0,0.0,0.0,2019,3002,0.0,0,0,0.0,0,0.0,0.0,0,0,0.0,0.0,0.0,2933,2073,0.0,0,0,0.0,0.0,0.0,0.0,0,0,0.0,0.0,0.0,-0.19,2.34,9.47,0,-1.25,-14.06
1,LeftGlove,70,2026-04-17T09:43:30.531,365040,26008,-1,-1,0,0,0,0,0,0,0.0,0,0,0.0,0.0,0.0,2072,2106,0.0,0.0,0,0.0,0.0,0.0,0.0,0.0,0,0.0,0.0,0.0,1709,1663,0,0,0,0.0,0.0,0.0,0.0,0,0,0.0,0.0,0.0,1613,2037,0.0,0.0,0,0.0,0,0.0,0.0,0,0,0.0,0.0,0.0,2019,3015,0.0,0,0,0.0,0,0.0,0.0,0,0,0.0,0.0,0.0,2941,2075,0.0,0,0,0.0,0.0,0.0,0.0,0,0,0.0,0.0,0.0,-0.21,2.33,9.49,0,-1.25,-14.06
1,LeftGlove,71,2026-04-17T09:43:30.941,365450,26418,-1,-1,0,0,0,0,0,0,0.0,0,0,0.0,0.0,0.0,2074,2103,0.0,0.0,0,0.0,0.0,0.0,0.0,0.0,0,0.0,0.0,0.0,1710,1670,0,0,0,0.0,0.0,0.0,0.0,0,0,0.0,0.0,0.0,1607,2035,0.0,0.0,0,0.0,0,0.0,0.0,0,0,0.0,0.0,0.0,2019,3014,0.0,0,0,0.0,0,0.0,0.0,0,0,0.0,0.0,0.0,2941,2077,0.0,0,0,0.0,0.0,0.0,0.0,0,0,0.0,0.0,0.0,-0.21,2.31,9.52,0,-1.25,-14.06
1,LeftGlove,72,2026-04-17T09:43:31.351,365859,26827,-1,-1,0,0,0,0,0,0,0.0,0,0,0.0,0.0,0.0,2071,2105,0.0,0.0,0,0.0,0.0,0.0,0.0,0.0,0,0.0,0.0,0.0,1711,1663,0,0,0,0.0,0.0,0.0,0.0,0,0,0.0,0.0,0.0,1609,2036,0.0,0.0,0,0.0,0,0.0,0.0,0,0,0.0,0.0,0.0,2018,3007,0.0,0,0,0.0,0,0.0,0.0,0,0,0.0,0.0,0.0,2939,2076,0.0,0,0,0.0,0.0,0.0,0.0,0,0,0.0,0.0,0.0,-0.21,2.33,9.47,0,-1.25,-14.06
1,LeftGlove,73,2026-04-17T09:43:31.548,366065,27225,-1,-1,0,0,0,0,0,0,-0.04,0,0,0.0,0.0,0.0,2075,2107,-0.03,-0.01,0,-0.01,0.0,0.0,-0.03,-0.01,0,-0.01,-0.01,0.0,1715,1670,0,0,0,0.0,0.0,0.0,-0.03,0,0,0.0,0.0,0.0,1613,2035,-0.01,0.0,0,0.0,0,0.0,-0.01,0,0,0.0,0.0,0.0,2020,3019,-0.02,0,0,0.0,0,0.0,0.0,0,0,0.0,0.0,0.0,2951,2076,0.0,0,0,0.0,0.0,0.0,0.0,0,0,0.0,0.0,0.0,-0.22,2.32,9.49,0,-1.25,-14.06
1,LeftGlove,74,2026-04-17T09:43:32.037,366475,27617,-1,-1,0,0,0,0,0,0,0.0,0,0,0.0,0.0,0.0,2069,2105,0.0,0.0,0,0.0,0.0,0.0,0.0,0.0,0,0.0,0.0,0.0,1717,1669,0,0,0,0.0,0.0,0.0,-0.03,0,0,0.0,0.0,0.0,1613,2036,0.0,0.0,0,0.0,0,0.0,-0.01,0,0,0.0,0.0,0.0,2019,3017,-0.02,0,0,0.0,0,0.0,-0.02,0,0,0.0,0.0,0.01,2949,2077,0.0,0,0,0.0,0.0,0.0,-0.01,0,0,0.0,0.0,0.01,-0.22,2.35,9.48,0,-1.25,-14.06
1,LeftGlove,75,2026-04-17T09:43:32.466,367190,28157,-1,-1,0,0,0,0,0,0,0.0,0,0,0.0,0.0,0.0,2074,2107,0.0,0.0,0,0.0,0.0,0.0,0.0,0.0,0,0.0,0.0,0.0,1709,1663,0,0,0,0.0,0.0,0.0,0.0,0,0,0.0,0.0,0.0,1609,2035,0.0,0.0,0,0.0,0,0.0,0.0,0,0,0.0,0.0,0.0,2021,3035,0.0,0,0,0.0,0,0.0,0.0,0,0,0.0,0.0,0.0,2959,2078,0.0,0,0,0.0,0.0,0.0,0.0,0,0,0.0,0.0,0.0,-0.22,2.34,9.49,0,-1.25,-14.06
1,LeftGlove,76,2026-04-17T09:43:33.024,367497,28548,-1,-1,0,0,0,0,0,0,-0.04,0,0,0.0,0.0,0.0,2075,2105,-0.03,-0.01,0,0.0,0.0,0.0,-0.03,-0.01,0,-0.01,-0.01,0.0,1711,1669,0,0,0,0.0,0.0,0.0,0.0,0,0,0.0,0.0,0.0,1611,2037,0.0,0.0,0,0.0,0,0.0,0.0,0,0,0.0,0.0,0.0,2023,3043,0.0,0,0,0.0,0,0.0,0.0,0,0,0.0,0.0,0.0,2968,2077,0.0,0,0,0.0,0.0,0.0,0.0,0,0,0.0,0.0,0.0,-0.2,2.33,9.48,0,-1.25,-14.06
1,LeftGlove,77,2026-04-17T09:43:33.198,367623,28676,-1,-1,0,0,0,0,0,0,-0.04,0,0,0.0,0.0,0.0,2071,2104,-0.03,-0.01,0,0.0,0.0,0.0,-0.03,-0.01,0,0.01,0.01,0.0,1712,1669,0,0,0,0.0,0.0,0.0,-0.03,0,0,0.0,0.0,0.0,1614,2037,-0.01,0.0,0,0.0,0,0.0,-0.01,0,0,0.0,0.0,0.0,2019,3043,-0.02,0,0,0.0,0,0.0,-0.02,0,0,0.0,0.0,0.01,2953,2077,-0.05,0,0,0.0,0.0,0.0,-0.01,0,0,0.0,0.0,0.0,-0.23,2.31,9.5,0,-1.25,-14.06
1,LeftGlove,78,2026-04-17T09:43:33.524,367949,29036,-1,-1,0,0,0,0,0,0,-0.04,0,0,0.0,0.0,0.0,2075,2108,-0.03,-0.01,0,0.01,0.0,-0.01,0.0,0.0,0,0.0,0.0,0.0,1715,1673,0,0,0,0.0,0.0,-0.01,0.0,0,0,0.0,0.0,0.0,1610,2039,0.0,0.0,0,0.0,0,0.0,0.0,0,0,0.0,0.0,0.0,2022,3047,-0.02,0,0,0.0,0,0.0,0.0,0,0,0.0,0.0,0.0,2973,2076,0.0,0,0,0.0,0.0,0.0,0.0,0,0,0.0,0.0,0.0,-0.2,2.32,9.45,0,-1.25,-14.06
1,LeftGlove,79,2026-04-17T09:43:33.905,368333,29425,-1,-1,0,0,0,0,0,0,0.0,0,0,0.0,0.0,0.0,2073,2106,-0.03,-0.01,0,0.0,0.0,0.0,-0.03,-0.01,0,0.01,0.0,0.01,1711,1671,0,0,0,0.0,0.0,0.0,-0.03,0,0,0.0,0.0,0.0,1611,2037,0.0,0.0,0,0.0,0,0.0,0.0,0,0,0.0,0.0,0.0,2021,3051,0.0,0,0,0.0,0,0.0,-0.02,0,0,0.0,0.0,0.0,2973,2073,0.0,0,0,0.0,0.0,0.0,0.0,0,0,0.0,0.0,0.0,-0.21,2.34,9.5,0,-1.25,-14.06
1,LeftGlove,80,2026-04-17T09:43:34.312,368931,29897,-1,-1,0,0,0,0,0,0,0.0,0,0,0.0,0.0,0.0,2071,2105,0.0,0.0,0,0.0,0.0,0.0,0.0,0.0,0,0.0,0.0,0.0,1709,1669,0,0,0,0.0,0.0,0.0,0.0,0,0,0.0,0.0,0.0,1611,2036,0.0,0.0,0,0.0,0,0.0,0.0,0,0,0.0,0.0,0.0,2023,3051,0.0,0,0,0.0,0,0.0,0.0,0,0,0.0,0.0,0.0,2973,2075,0.0,0,0,0.0,0.0,0.0,0.0,0,0,0.0,0.0,0.0,-0.23,2.33,9.54,0,-1.25,-14.06
