Time,FilteredSignal

0,-1.46332296382737e-05
0.013,6.60347638632166e-05
0.026,0.000189007752938282
0.039,0.000378480078677505
0.051,0.000655439712699347
0.064,0.00103512653219714
0.079,0.00152455026339025
0.093,0.00212036844594005
0.107,0.00280744707221325
0.119,0.00355838473885776
0.132,0.00433418817887617
0.144,0.00508616103662708
0.156,0.00575892522770806
0.169,0.00629435471659857
0.181,0.00663609038220072
0.194,0.00673424276547761
0.207,0.00654988005014726
0.219,0.00605892881265484
0.231,0.00525517035223581
0.244,0.00415208694771056
0.257,0.00278339355140198
0.269,0.00120217439061845
0.282,-0.000521372695433968
0.294,-0.00230349713011229
0.307,-0.00405158870424256
0.319,-0.00566974633578325
0.331,-0.00706489040400027
0.344,-0.0081530234145981
0.356,-0.00886519860683197
0.369,-0.00915273908341003
0.381,-0.00899127142664731
0.394,-0.00838320088774869
0.408,-0.00735835629846542
0.42,-0.00597266633996123
0.432,-0.00430488727838941
0.445,-0.00245157109465297
0.457,-0.000520621916110914
0.471,0.0013760791925319
0.485,0.00313040620759958
0.497,0.00464545292894966
0.51,0.0058421116299174
0.523,0.00666421159621588
0.535,0.00708178964836001
0.548,0.00709224511991568
0.561,0.00671934492752136
0.573,0.00601025484103089
0.586,0.00503094629780826
0.599,0.00386044576040713
0.612,0.00258445411823299
0.624,0.00128887252966018
0.637,5.37345694725778e-05
0.649,-0.00105202991827381
0.662,-0.00197467500410148
0.675,-0.00267835252963381
0.688,-0.00314636353173526
0.7,-0.0033809580115627
0.713,-0.00340178918144291
0.726,-0.00324320800903897
0.738,-0.00295064360908219
0.751,-0.00257635467153034
0.763,-0.00217486099565605
0.775,-0.00179837493250035
0.787,-0.00149254820922461
0.799,-0.00129282807701568
0.813,-0.00122167824488854
0.825,-0.00128686473197204
0.838,-0.00148093365060327
0.85,-0.00178191867782197
0.863,-0.00215521742600525
0.876,-0.00255647830108163
0.888,-0.00293525348971038
0.901,-0.00323911005707602
0.912,-0.00341785963839033
0.925,-0.00342757323152856
0.937,-0.00323408739440497
0.949,-0.00281576951572223
0.961,-0.00216537873418031
0.973,-0.00129092637762027
0.985,-0.000215503482079366
0.997,0.00102389433361452
1.009,0.00237845062178014
1.022,0.00379036343821034
1.034,0.00519621636494183
1.046,0.00653061885280139
1.058,0.0077298178690463
1.07,0.00873498972550199
1.083,0.00949498203681974
1.095,0.00996838349924784
1.107,0.0101249213317076
1.119,0.00994628284753367
1.131,0.00942650002783063
1.143,0.00857201919609418
1.156,0.00740152306031584
1.168,0.00594551267536581
1.181,0.00424561557306083
1.195,0.0023535681829719
1.208,0.000329821013828142
1.222,-0.00175827131419599
1.235,-0.00383869120716677
1.248,-0.00583741857761212
1.26,-0.0076814600897871
1.296,-0.00930214053682801
1.308,-0.0106384798636286
1.32,-0.0116404105172335
1.332,-0.0122715426773108
1.344,-0.0125111822989043
1.357,-0.0123553654609395
1.369,-0.0118167894601093
1.381,-0.0109236698275584
1.393,-0.00971769218870469
1.405,-0.00825131991114876
1.419,-0.00658474339125606
1.431,-0.00478272358084417
1.443,-0.00291151964764927
1.456,-0.00103602925194837
1.468,0.000782769247568283
1.481,0.00248999587732438
1.493,0.00403859350622414
1.506,0.00539053474059228
1.518,0.00651748588474862
1.531,0.00740095667062175
1.544,0.00803201468553301
1.557,0.00841067038861574
1.572,0.00854503350174861
1.584,0.00845031212946152
1.597,0.00814769375059894
1.61,0.00766313196618277
1.622,0.00702606721966995
1.635,0.00626812218980254
1.648,0.0054218222756521
1.661,0.00451939331653216
1.674,0.00359167903998233
1.687,0.00266720043400135
1.7,0.00177135804404315
1.712,0.000925768991210649
1.725,0.000147738309469639
1.744,-0.000550115927020209
1.757,-0.00116004251455795
1.77,-0.00167908932551663
1.782,-0.00210874292297776
1.794,-0.00245426024095349
1.807,-0.00272372445807166
1.819,-0.00292691427534473
1.833,-0.00307412601291016
1.847,-0.00317510837341996
1.859,-0.00323824509793288
1.871,-0.0032700561135142
1.884,-0.00327500796777922
1.896,-0.00325556286820182
1.908,-0.00321237682061905
1.921,-0.00314457986002076
1.933,-0.00305011055032596
1.945,-0.00292610607340303
1.958,-0.00276935595328853
1.971,-0.00257681408883233
1.983,-0.00234614130477133
1.996,-0.00207623215887022
2.009,-0.00176767317537632
2.022,-0.00142308467478502
2.035,-0.00104730979352335
2.047,-0.000647427301869116
2.06,-0.000232577070668499
2.073,0.000186401973507511
2.087,0.000597510364505087
2.099,0.000988276435964135
2.111,0.00134654499637932
2.124,0.00166129269501847
2.136,0.00192338358837746
2.148,0.00212618403892043
2.16,0.00226597620207181
2.172,0.00234213554865154
2.185,0.00235706421222671
2.197,0.00231589589736316
2.21,0.00222600855943598
2.222,0.00209639646084163
2.234,0.00193696130099305
2.247,0.001757782563866
2.259,0.00156842260600468
2.272,0.0013773146674362
2.284,0.00119127100742354
2.297,0.00101513293945311
2.31,0.000851570067533479
2.322,0.000701030779045402
2.336,0.000561850439148974
2.348,0.000430529003587725
2.361,0.000302186668343786
2.373,0.000171189713166583
2.385,3.19088727209815e-05
2.398,-0.000120463054942613
2.411,-0.000289134481244772
2.423,-0.000475083682835702
2.436,-0.000676656215668627
2.448,-0.000889437322529584
2.461,-0.00110640673253657
2.473,-0.00131835251671681
2.485,-0.00151450021993699
2.498,-0.00168330107812539
2.51,-0.0018133165435318
2.522,-0.0018941345497929
2.538,-0.00191725452535838
2.56,-0.0018768810461427
2.572,-0.00177056869582373
2.585,-0.00159966303409224
2.597,-0.00136948660098148
2.61,-0.00108922893625277
2.623,-0.000771519864728469
2.636,-0.000431695994701545
2.649,-8.68062194771312e-05
2.661,0.000245564890150072
2.673,0.000548553283314093
2.685,0.000807238972088448
2.697,0.00100973001832664
2.709,0.001148016145806
2.721,0.0012185204507953
2.735,0.00122229683405675
2.748,0.00116484365722311
2.761,0.00105553640667267
2.773,0.000906724291693519
2.786,0.000732580451534857
2.798,0.000547830678544673
2.811,0.000366501055188493
2.823,0.000200817640989385
2.834,6.03649299132368e-05
2.846,-4.84287796622904e-05
2.859,-0.00012245334939658
2.872,-0.000161739604244439
2.884,-0.000168989923430667
2.897,-0.000148891523795409
2.91,-0.00010730947671368
2.922,-5.04704843460242e-05
2.935,1.57497608899245e-05
2.947,8.63381508154087e-05
2.959,0.000157392114441685
2.971,0.000226091937786663
2.983,0.000290441555583658
2.995,0.000348870237394132
3.008,0.000399813932171235
3.02,0.000441389687507433
3.032,0.00047124169525094
3.044,0.000486588302988767
3.056,0.000484454091180434
3.068,0.000462039863505157
3.08,0.000417166868658658
3.092,0.000348727121292592
3.104,0.000257075948291505
3.115,0.000144311935495274
3.128,1.4400124253316e-05
3.14,-0.000126894287153872
3.152,-0.000272279956436433
3.164,-0.000413417741654307
3.176,-0.000541571119852581
3.188,-0.000648366878036042
3.2,-0.000726583531453808
3.212,-0.000770878518806231
3.224,-0.000778372359557355
3.236,-0.000749024573442658
3.248,-0.000685758523103433
3.261,-0.000594317985875014
3.273,-0.000482864581290251
3.286,-0.000361348174653734
3.298,-0.00024069885312334
3.311,-0.000131900127039921
3.323,-4.50129084164251e-05
3.335,1.17691700084629e-05
3.346,3.2943200808929e-05
3.358,1.63080326537157e-05
3.37,-3.67151868954783e-05
3.382,-0.000121100622251108
3.394,-0.00022857706409761
3.406,-0.000348286029773586
3.419,-0.000467661443121317
3.431,-0.000573439654491048
3.443,-0.000652711602775948
3.455,-0.000693939805011823
3.467,-0.000687874254272453
3.479,-0.000628311106634889
3.491,-0.000512647707887419
3.503,-0.00034219865523737
3.516,-0.00012225096573535
3.528,0.000138147114067965
3.54,0.000426650071774264
3.552,0.000728300120167346
3.564,0.00102638809245397
3.576,0.0013034379867586
3.588,0.00154226128807618
3.6,0.00172702810995637
3.612,0.00184430103607376
3.624,0.00188397279310564
3.636,0.00184004492126283
3.648,0.00171118679350507
3.66,0.00150102341792521
3.672,0.00121811418641201
3.685,0.000875602915782526
3.697,0.000490544221141343
3.709,8.29414152189551e-05
3.721,-0.000325440439576949
3.733,-0.000712403996521871
3.745,-0.00105670163109596
3.757,-0.00133937904969305
3.769,-0.00154499200832411
3.781,-0.00166261353480514
3.794,-0.00168655983873925
3.806,-0.00161678087482467
3.818,-0.00145888738419241
3.83,-0.00122381738471776
3.842,-0.00092717488863456
3.854,-0.000588295241599696
3.867,-0.00022910176912294
3.879,0.000127180431505609
3.89,0.00045738987564863
3.903,0.000739809581802401
3.915,0.000955496271229275
3.927,0.00108948657999501
3.939,0.00113180839058662
3.951,0.00107823049516543
3.963,0.00093069406771466
3.979,0.000697382652914277
3.995,0.000392402774297001
4.011,3.50669040882921e-05
4.027,-0.000351203884826727
4.043,-0.000740310342245422
4.059,-0.00110515999994519
4.075,-0.00141949819378584
4.091,-0.00165975259011001
4.107,-0.00180674686292064
4.123,-0.00184714394399955
4.139,-0.00177449945911336
4.155,-0.00158983643315366
4.171,-0.00130168819948005
4.187,-0.000925595757317293
4.203,-0.000483088324370872
4.219,-2.19562499819797e-07
4.235,0.000494228059250858
4.251,0.000970728515807772
4.267,0.00140103044882591
4.283,0.00176005393940744
4.3,0.00202752749305184
4.316,0.00218925302736296
4.332,0.00223791925523408
4.348,0.002173418924041
4.364,0.00200266007242251
4.38,0.00173889583797268
4.396,0.0014006315470826
4.412,0.00101019934759974
4.428,0.000592116007700315
4.444,0.000171355739162951
4.46,-0.000228326278685771
4.476,-0.000585895238843684
4.492,-0.000884263684646053
4.509,-0.0011111779287517
4.524,-0.00125972948955858
4.54,-0.00132848104499685
4.556,-0.00132121317765203
4.572,-0.00124631401333613
4.588,-0.00111585354981009
4.604,-0.000944407760393883
4.621,-0.000747721665936704
4.637,-0.000541323534210931
4.653,-0.000339221220416541
4.669,-0.000152818547532022
4.685,9.82540808990806e-06
4.701,0.000144311510368452
4.717,0.000249766148324334
4.733,0.000328297493176298
4.749,0.000384140217778395
4.765,0.000422626287147308
4.781,0.000449134854414942
4.797,0.000468165146957298
4.814,0.000482647633506378
4.829,0.000493567149633733
4.846,0.000499923079752639
4.861,0.000499002873012381
4.878,0.000486903440134056
4.894,0.000459207193549694
4.91,0.000411710665059031
4.926,0.000341113479123607
4.942,0.000245596347712334
4.958,0.000125238852187646
4.974,-1.77532915240611e-05
4.99,-0.000179024341143365
5.006,-0.00035224312203245
5.022,-0.000529455151022066
5.038,-0.000701579830745632
5.054,-0.000859012912857474
5.07,-0.000992288709374338
5.086,-0.00109275143392021
5.102,-0.00115318173330618
5.118,-0.00116832516490873
5.134,-0.00113527644166985
5.15,-0.00105368760830746
5.166,-0.000925788398565517
5.183,-0.000756229033065285
5.199,-0.000551774541384691
5.215,-0.000320891324920008
5.231,-7.32697192484982e-05
5.247,0.000180678903488952
5.263,0.000430323444688275
5.279,0.000665299059431655
5.295,0.000875973529970719
5.311,0.001053890950497
5.327,0.00119218174460059
5.343,0.00128591575587867
5.359,0.00133236634728661
5.376,0.00133115326414324
5.392,0.00128424054531792
5.408,0.0011957800674634
5.424,0.00107180754331799
5.44,0.000919812857664546
5.456,0.00074821929016882
5.472,0.00056581594382352
5.488,0.000381192375224391
5.504,0.000202220991032725
5.52,3.56219271191288e-05
5.536,-0.000113367605724712
5.552,-0.000241206756783615
5.568,-0.000346139051295461
5.584,-0.000428149147314644
5.6,-0.000488786488581193
5.616,-0.000530862234961636
5.632,-0.000558038395983628
5.648,-0.000574343212509431
5.664,-0.000583661004719336
5.68,-0.000589253188364078
5.697,-0.000593367172226133
5.713,-0.000596981816271906
5.729,-0.000599723218048138
5.745,-0.000599963585120998
5.761,-0.00059509083599714
5.777,-0.000581912153216264
5.793,-0.000557137983642612
5.809,-0.00051788843627495
5.825,-0.000462168710147661
5.841,-0.00038926656718331
5.857,-0.00030002958048934
5.873,-0.000196986646234713
5.889,-8.42917230064649e-05
5.905,3.25124783496946e-05
5.921,0.000146892007505336
5.937,0.000251843790553671
5.953,0.00034049315031427
5.969,0.000406710498807443
5.986,0.000445690619436219
6.002,0.000454444203682559
6.018,0.000432160693474232
6.034,0.000380410286345122
6.05,0.000303161391283756
6.066,0.000206600471438983
6.082,9.87548323757616e-05
6.098,-1.10657472114333e-05
6.114,-0.000112976374541677
6.13,-0.000197324154088531
6.146,-0.000255529173617807
6.162,-0.000280880697277839
6.178,-0.000269205975929536
6.194,-0.000219337738032104
6.21,-0.000133327049720981
6.226,-1.63761296401294e-05
6.242,0.000123505497083352
6.259,0.000276093763327356
6.274,0.000429745588248418
6.291,0.000572335839529043
6.307,0.000692259671305278
6.323,0.000779411400425032
6.339,0.000826045740162283
6.355,0.000827434696434991
6.371,0.000782254814521892
6.387,0.000692670210483835
6.403,0.000564109786414373
6.419,0.000404766588446473
6.435,0.00022487064550053
6.451,3.58032566677745e-05
6.467,-0.000150868471880219
6.483,-0.000324351720043478
6.499,-0.000475495589657502
6.515,-0.000597483269033521
6.531,-0.00068627859375976
6.547,-0.000740779940551788
6.563,-0.000762666143726643
6.579,-0.000755955911373618
6.596,-0.000726338454903683
6.612,-0.000680361936104516
6.628,-0.000624583132483371
6.644,-0.000564784885070992
6.66,-0.000505357012916452
6.676,-0.000448912394976269
6.692,-0.000396176641971456
6.708,-0.000346152346433504
6.724,-0.000296522075629318
6.74,-0.000244223072859995
6.756,-0.000186106345241124
6.772,-0.000119587224047224
6.788,-4.32032971082223e-05
6.804,4.29863701562005e-05
6.82,0.000137205475795748
6.836,0.000235989999424465
6.852,0.000334439746240642
6.868,0.000426663061850433
6.884,0.000506362987461954
6.9,0.000567496235836637
6.916,0.000604928996308066
6.933,0.000615017833597096
6.949,0.00059605761211176
6.965,0.000548556189138875
6.981,0.000475313182979096
6.997,0.000381295243448895
7.013,0.000273312588213668
7.029,0.000159513222574773
7.045,4.87259336876911e-05
7.061,-5.02976703234913e-05
7.077,-0.000129671620950958
7.093,-0.000183110014742641
7.109,-0.000206521646856866
7.125,-0.000198393421588754
7.141,-0.000159918450488275
7.157,-9.48592947143523e-05
7.173,-9.17193196532217e-06
7.189,8.9554919814735e-05
7.205,0.000192773303880655
7.222,0.000291687446494351
7.238,0.000377936297461617
7.254,0.000444194454731766
7.27,0.000484655181640911
7.286,0.000495375772843606
7.302,0.000474478931935553
7.318,0.000422211482452156
7.334,0.000340864956244359
7.35,0.000234565480217125
7.366,0.000108945925381406
7.382,-2.92778402176905e-05
7.398,-0.000172793789393632
7.414,-0.000314201497681605
7.43,-0.000446496100435997
7.446,-0.000563490765652628
7.462,-0.000660154231686544
7.479,-0.000732854989538872
7.495,-0.000779513095253975
7.511,-0.000799661636022187
7.527,-0.000794415020062166
7.543,-0.000766336643527334
7.559,-0.00071920013088238
7.575,-0.000657648256887294
7.591,-0.000586768538419477
7.607,-0.000511618690217134
7.623,-0.000436745035175283
7.639,-0.000365742203596495
7.655,-0.000300903898887504
7.671,-0.000243011460620014
7.687,-0.000191296676088037
7.703,-0.000143595863776974
7.719,-9.66856635946344e-05
7.735,-4.67625866992443e-05
7.751,9.99524812838767e-06
7.767,7.68580215762702e-05
7.783,0.000156036317263951
7.8,0.000248289767332513
7.816,0.000352686306167885
7.832,0.000466529481407832
7.848,0.000585459247934421
7.864,0.0007037201335327
7.88,0.000814575972640219
7.896,0.000910833544897313
7.912,0.000985423918501142
7.928,0.00103198541867129
7.944,0.00104539686514985
7.96,0.001022221145822
7.976,0.000961033207038279
7.992,0.000862618905042716
8.009,0.000730038583563737
8.024,0.000568551939211208
8.04,0.000385402666050002
8.056,0.000189465965868166
8.072,-9.23098850388237e-06
8.089,-0.000200097950275194
8.105,-0.000372654097233815
8.121,-0.000517248485320851
8.137,-0.000625781043225184
8.153,-0.000692366328898562
8.169,-0.000713878261087007
8.185,-0.000690318351345552
8.201,-0.000624960186960479
8.217,-0.000524236806965044
8.233,-0.00039735654459499
8.249,-0.000255658720541284
8.265,-0.000111750755162175
8.281,2.15039839376097e-05
8.297,0.000132059669389795
8.313,0.000209727522894862
8.33,0.000247086992647094
8.346,0.000240180454801615
8.362,0.000188915969347072
8.378,9.71256716225608e-05
8.394,-2.77383853403247e-05
8.41,-0.000175248812174996
8.426,-0.000332927358823387
8.442,-0.000487358579271888
8.458,-0.000625383206929223
8.474,-0.000735255085873021
8.49,-0.000807650197062804
8.506,-0.000836431703068974
8.522,-0.000819100288331653
8.538,-0.000756891581546562
8.554,-0.000654517670701713
8.57,-0.000519585019378041
8.586,-0.000361755745174364
8.602,-0.00019174984505296
8.618,-2.03047769129167e-05
8.634,0.000142790583296754
8.65,0.000289486860418252
8.666,0.000414015158523394
8.683,0.000513133405106675
8.699,0.00058606706298882
8.715,0.000634170158627015
8.731,0.000660368248874307
8.747,0.000668472586703654
8.763,0.000662469569754482
8.779,0.000645888910551957
8.795,0.000621336578939523
8.811,0.000590247286421354
8.827,0.000552873686350872
8.843,0.000508492998544418
8.859,0.000455781182051475
8.875,0.000393284320551149
8.891,0.000319910053011931
8.907,0.000235368062288135
8.923,0.000140502687483663
8.939,3.74768823072947e-05
8.955,-7.02170380613621e-05
8.971,-0.000177926063020332
8.987,-0.000280168792628883
9.004,-0.000371093542060224
9.02,-0.000445008982991204
9.036,-0.000496929265838647
9.052,-0.000523079573110573
9.068,-0.000521316127008701
9.084,-0.000491423710888277
9.1,-0.000435263286119851
9.116,-0.000356752326456247
9.132,-0.000261670514729636
9.148,-0.000157293754144474
9.164,-5.18718037463192e-05
9.18,4.60200091303796e-05
9.196,0.000128208602093656
9.212,0.0001876698728876
9.229,0.000219222994219166
9.244,0.000220096580390556
9.261,0.000190297626467727
9.277,0.000132733306818648
9.293,5.30632559151386e-05
9.309,-4.07113753191128e-05
9.325,-0.000138890235954822
9.341,-0.000230893016430916
9.357,-0.000306181718699181
9.373,-0.000355199589297474
9.389,-0.000370238782129748
9.405,-0.000346157544945322
9.421,-0.000280883153276004
9.437,-0.000175656968102071
9.453,-3.5002905412663e-05
9.469,0.000133570998464316
9.485,0.000320100571171079
9.501,0.000512864457540862
9.517,0.00069918517843187
9.533,0.000866264636272441
9.55,0.00100199549323204
9.566,0.00109570231153617
9.582,0.00113877952152681
9.598,0.00112520583639596
9.614,0.00105192499473267
9.63,0.000919088256165938
9.646,0.000730153522161168
9.662,0.000491831684725547
9.678,0.000213867988280593
9.694,-9.13520555081287e-05
9.71,-0.000409376607379538
9.726,-0.000724435153513546
9.742,-0.00102033686130463
9.758,-0.00128147398154526
9.774,-0.00149386115791504
9.79,-0.0016461235841989
9.806,-0.00173033949051649
9.822,-0.00174264841189607
9.838,-0.00168355681312891
9.854,-0.00155790396002215
9.871,-0.00137448652233423
9.887,-0.00114537277017232
9.903,-0.000884962889051801
9.919,-0.000608871487662999
9.935,-0.000332722818724006
9.951,-7.09577113365181e-05
9.967,0.000164248653800301
9.983,0.000363868494301087
9.999,0.000522629767013012
10.015,0.000639298081162492
10.031,0.000716601643557573
10.047,0.000760795987941901
10.063,0.000780897313415361
10.079,0.000787646178853497
10.095,0.0007922927675174
10.111,0.000805318018069088
10.127,0.000835217779461263
10.144,0.000887474696615565
10.16,0.000963822408353471
10.176,0.0010618723616166
10.192,0.00117513323152472
10.208,0.00129341525934427
10.224,0.00140358218913544
10.24,0.00149059262418345
10.256,0.00153875797452319
10.272,0.00153313203725437
10.288,0.00146093471438456
10.304,0.00131289975898987
10.32,0.00108442880982996
10.336,0.00077643836210495
10.352,0.000395806155914559
10.368,-4.46440141482164e-05
10.384,-0.000526640602418776
10.4,-0.00102742522075651
10.416,-0.00152111395256244
10.432,-0.0019803593471592
10.449,-0.00237818465922587
10.464,-0.00268984579899816
10.481,-0.00289457491508089
10.497,-0.00297707205263901
10.513,-0.002928635191504
10.529,-0.00274785059715767
10.545,-0.00244080138267657
10.561,-0.0020207889374931
10.577,-0.00150759558702907
10.593,-0.000926344652161481
10.609,-0.000306035503010666
10.625,0.000322152899647229
10.641,0.000926685792754069
10.657,0.00147751404862873
10.674,0.00194782311519583
10.689,0.00231558434317537
10.706,0.00256481474855084
10.721,0.00268646803794674
10.738,0.00267890063106028
10.754,0.00254787976937313
10.77,0.00230612517398832
10.786,0.00197240107680667
10.802,0.00157020356449663
10.818,0.00112611971120516
10.834,0.000667966355988497
10.85,0.000222841418251714
10.866,-0.000184765095445692
10.882,-0.000534651113084357
10.898,-0.000812234572786818
10.914,-0.00100942196930396
10.931,-0.00112493418477411
10.946,-0.00116405720569007
10.962,-0.00113783743138137
10.978,-0.00106179283980519
10.994,-0.000954256647030059
11.011,-0.000834504086518715
11.027,-0.000720832334072079
11.043,-0.000628768590680445
11.059,-0.000569572909527912
11.075,-0.000549178989666511
11.091,-0.000567676666597889
11.107,-0.000619388157546265
11.123,-0.000693533047253384
11.139,-0.000775419369668787
11.155,-0.000848044426975691
11.171,-0.000893946450522875
11.187,-0.000897123981387692
11.203,-0.000844835988551295
11.219,-0.000729109258935819
11.235,-0.000547806636207404
11.251,-0.000305148571923091
11.267,-1.16303887241986e-05
11.283,0.000316664803178484
11.299,0.000659299366097274
11.316,0.000993150634372433
11.332,0.00129436585704106
11.348,0.00154042464608141
11.364,0.00171212064061697
11.38,0.00179528222121409
11.396,0.00178207701812872
11.412,0.00167178315671319
11.428,0.00147095804103429
11.444,0.00119298884864506
11.46,0.000857063366026423
11.476,0.000486651109266867
11.492,0.000107628559657319
11.508,-0.000253785069252769
11.524,-0.000573097146304094
11.54,-0.000829431770633096
11.556,-0.00100707682560271
11.572,-0.00109656234925813
11.588,-0.00109519503865775
11.605,-0.00100702924980423
11.62,-0.000842308822306166
11.637,-0.000616459652818062
11.653,-0.000348744529370552
11.669,-6.07079720388377e-05
11.685,0.000225456715671798
11.701,0.00048848929136216
11.717,0.000709475693204387
11.733,0.000872996983206267
11.749,0.000967951690042925
11.765,0.000988026976314904
11.781,0.000931827837983833
11.797,0.000802697594043847
11.813,0.000608277536570524
11.829,0.000359861912385571
11.845,7.16080554996427e-05
11.861,-0.000240339374718998
11.878,-0.000558755841601136
11.893,-0.000866229772609541
11.909,-0.00114600551517846
11.926,-0.00138275419150417
11.942,-0.00156326205518016
11.958,-0.00167703211780363
11.974,-0.00171679244164478
11.99,-0.00167889515283735
12.006,-0.00156358011051955
12.022,-0.00137507269653605
12.038,-0.00112148869157841
12.054,-0.000814529309878647
12.07,-0.000468963875893824
12.086,-0.000101914049382569
12.102,0.000268030701913981
12.118,0.000621823515809457
12.134,0.000941042824596584
12.15,0.00120898423862381
12.166,0.00141169135208362
12.183,0.00153885335200944
12.199,0.0015845026768248
12.215,0.00154745780952335
12.231,0.00143147269211372
12.247,0.00124507321752215
12.263,0.00100108089316332
12.279,0.00071584310017255
12.295,0.000408208872094611
12.311,9.83094511563122e-05
12.327,-0.000193776859854215
12.343,-0.000449379162098813
12.359,-0.000652502958717348
12.375,-0.000790912952230361
12.391,-0.000856945244460761
12.407,-0.000847989153944826
12.423,-0.000766606573269887
12.439,-0.000620283917307646
12.455,-0.000420837524228855
12.471,-0.000183518769850701
12.487,7.41104230814252e-05
12.504,0.000333440898698011
12.52,0.000576116561494447
12.536,0.000785271162001249
12.552,0.000946614013744204
12.568,0.00104929656783976
12.584,0.00108651296010685
12.6,0.00105580880885331
12.616,0.000959093273429012
12.632,0.000802368775241261
12.648,0.000595209998144731
12.664,0.00035003812659399
12.68,8.12469078696098e-05
12.696,-0.000195756720911185
12.712,-0.000465533971650448
12.728,-0.000713558576682166
12.744,-0.000927071705832109
12.761,-0.00109579976664863
12.776,-0.00121249197120102
12.792,-0.00127324322081272
12.808,-0.00127758232255259
12.825,-0.00122832370368702
12.841,-0.00113119968127807
12.857,-0.000994307841103123
12.873,-0.000827422678543926
12.889,-0.000641231072087549
12.905,-0.000446556004790719
12.921,-0.000253630723118111
12.937,-7.14759478178096e-05
12.953,9.25816461949025e-05
12.969,0.000233226471788913
12.985,0.000347296364636478
13.001,0.000433751309572211
13.017,0.000493481173396525
13.033,0.00052897745685321
13.049,0.000543905399969672
13.066,0.000542620102911531
13.081,0.000529672994807529
13.097,0.00050935429610791
13.114,0.000485313060652551
13.13,0.000460287286695556
13.146,0.000435962262008299
13.162,0.000412958603812534
13.178,0.000390936600280082
13.194,0.000368793357992189
13.21,0.000344924076992384
13.226,0.000317517251513278
13.242,0.00028485484804677
13.258,0.000245591443522778
13.274,0.000198989103204768
13.29,0.00014508700646623
13.306,8.47885348113297e-05
13.322,1.98556808672672e-05
13.338,-4.71895541133866e-05
13.354,-0.000113247356383465
13.37,-0.000174889314075937
13.387,-0.000228654628335907
13.403,-0.000271371881462743
13.419,-0.000300481624530161
13.435,-0.00031432870998091
13.451,-0.000312388428027354
13.467,-0.000295392736632851
13.483,-0.000265333438517063
13.499,-0.000225335224560143
13.515,-0.000179409366073177
13.531,-0.00013211503613281
13.547,-8.81660165688136e-05
13.563,-5.20228905580225e-05
13.579,-2.75054280302918e-05
13.595,-1.74517648707948e-05
13.611,-2.34452697664128e-05
13.627,-4.56274023021236e-05
13.643,-8.26122520292656e-05
13.66,-0.000131513105119749
13.675,-0.000188084005653573
13.692,-0.000246972534153179
13.707,-0.000302074730244482
13.723,-0.000346976766012185
13.739,-0.000375457817014996
13.756,-0.000382015690756773
13.772,-0.00036236670108078
13.788,-0.000313869477208018
13.804,-0.000235829964510535
13.82,-0.000129659044000802
13.836,1.12896708258754e-06
13.852,0.000151072902945985
13.868,0.000313060193488313
13.884,0.000478736527545571
13.9,0.000638999587661074
13.916,0.000784544097306611
13.932,0.00090642604140887
13.948,0.000996616531713252
13.964,0.00104851772200536
13.98,0.00105741253046748
13.997,0.00102081769425297
14.013,0.000938709830348686
14.029,0.000813600647855775
14.045,0.000650450104189589
14.061,0.000456420343146709
14.077,0.000240483771336795
14.093,1.29051349486462e-05
14.109,-0.000215376363548235
14.125,-0.000433429436169875
14.141,-0.000631030180676653
14.157,-0.000799322215277381
14.173,-0.000931380191365689
14.189,-0.00102262782272641
14.205,-0.00107107665070234
14.221,-0.00107737012107654
14.237,-0.0010446361041432
14.253,-0.000978166714827557
14.27,-0.000884955241220245
14.285,-0.000773126942830745
14.302,-0.000651305853841463
14.318,-0.000527964198992634
14.334,-0.000410802467821727
14.35,-0.000306204609772503
14.366,-0.000218805234079678
14.382,-0.000151196763316174
14.398,-0.000103794997197045
14.414,-7.48706420337469e-05
14.43,-6.07428039128738e-05
14.446,-5.61207977145199e-05
14.462,-5.45737713249337e-05
14.478,-4.9101106001667e-05
14.494,-3.27673593163908e-05
14.51,6.45502875464934e-07
14.526,5.60235973691347e-05
14.542,0.00013639930473475
14.558,0.00024256954329841
14.575,0.000372889647628465
14.593,0.000523263617980711
14.613,0.000687333392023585
14.633,0.000856849503256957
14.648,0.00102218757207025
14.661,0.00117296448992986
14.673,0.00129870628434692
14.687,0.00138952400892848
14.703,0.00143676138990649
14.719,0.0014335857599485
14.735,0.00137549885173507
14.751,0.00126074385403735
14.767,0.00109058119515698
14.783,0.000869403133086043
14.799,0.000604661567605926
14.815,0.000306595294836354
14.831,-1.22415493183908e-05
14.847,-0.000337632557478662
14.863,-0.000654501221816348
14.879,-0.000947814554186555
14.895,-0.00120352669215493
14.912,-0.0014094920544627
14.928,-0.00155627588317942
14.944,-0.00163779498875071
14.96,-0.00165173126906284
14.976,-0.00159967531707884
14.992,-0.00148697946075328
15.008,-0.00132232850341262
15.024,-0.0011170662842835
15.04,-0.000884339490738
15.056,-0.000638134097157025
15.072,-0.000392285985500287
15.088,-0.000159546784908191
15.104,4.92218109262487e-05
15.12,0.000225666026015382
15.136,0.000364328635681155
15.152,0.000462786745920419
15.169,0.000521540865968263
15.185,0.000543683049719013
15.201,0.000534393674956965
15.217,0.000500328652243813
15.233,0.000448960672587613
15.249,0.00038793310199197
15.265,0.000324476963483876
15.281,0.000264930858674264
15.297,0.000214390054330296
15.313,0.00017649575142472
15.329,0.000153362163612783
15.345,0.000145629111930346
15.438,0.000152619619455367
15.451,0.000172573386953393
15.463,0.000202919967739333
15.476,0.000240555005826432
15.488,0.000282090916048975
15.501,0.000324065305946947
15.513,0.000363100167161382
15.526,0.000396010806628004
15.537,0.00041986867623709
15.551,0.000432029926331223
15.563,0.000430150806332052
15.575,0.000412216847383073
15.588,0.000376610262160837
15.601,0.000322228942200099
15.613,0.000248654815537583
15.626,0.000156354309188603
15.638,4.68827588647347e-05
15.651,-7.69417135501393e-05
15.663,-0.000210932015308703
15.675,-0.000349528848875876
15.688,-0.000485927048276834
15.7,-0.00061234394958992
15.715,-0.00072042744659698
15.73,-0.000801788465435773
15.747,-0.000848629351336201
15.763,-0.000854424208285698
15.779,-0.000814592184691845
15.795,-0.000727095252018587
15.811,-0.000592891988418497
15.827,-0.00041618842747778
15.843,-0.000204443130637428
15.859,3.18969325185115e-05
15.875,0.000279931068784872
15.891,0.000525086142052779
15.907,0.000752093333001415
15.923,0.000946085010094048
15.939,0.00109372005480392
15.955,0.00118424002235431
15.971,0.00121036243654837
15.987,0.00116892972325998
16.003,0.00106125088938238
16.02,0.000893096050084294
16.036,0.000674330370707329
16.052,0.000418204616769488
16.068,0.000140353791827166
16.084,-0.000142411651244201
16.1,-0.000413413238204992
16.116,-0.000657390596891969
16.132,-0.000861648176420244
16.148,-0.00101695799322328
16.164,-0.00111813850070518
16.18,-0.00116426363148423
16.196,-0.00115849458019022
16.212,-0.00110756385332782
16.228,-0.00102097182805709
16.244,-0.000909979071981592
16.26,-0.000786493194209975
16.276,-0.00066195553615848
16.292,-0.000546327707276588
16.309,-0.000447261176003818
16.325,-0.000369510252389474
16.341,-0.000314625969022548
16.356,-0.000280947447283916
16.373,-0.000263885983942863
16.389,-0.000256472919321826
16.405,-0.00025011708776049
16.421,-0.000235497327515284
16.437,-0.000203505769503665
16.453,-0.000146159096931217
16.469,-5.74039400148688e-05
16.485,6.62447315040264e-05
16.501,0.000225277701272819
16.517,0.000417004047122025
16.533,0.000635605750851448
16.549,0.000872416908914487
16.565,0.00111639462942648
16.581,0.00135474088431867
16.598,0.0015736337915876
16.613,0.00175903061542078
16.63,0.0018975096089807
16.645,0.00197712020902323
16.662,0.00198820890108709
16.678,0.00192418102898218
16.694,0.00178214892682774
16.71,0.00156340833493773
16.726,0.00127368367537677
16.742,0.000923093023961356
16.758,0.000525806099688671
16.774,9.93978924613235e-05
16.79,-0.000336071787210017
16.806,-0.000759201119423867
16.822,-0.00114854232629889
16.838,-0.00148396528577448
16.854,-0.00174798965277819
16.871,-0.00192698187275391
16.887,-0.00201212038890037
16.903,-0.00200004921864514
16.919,-0.00189316409899635
16.935,-0.00169950412529184
16.951,-0.00143225296141212
16.967,-0.00110888481778485
16.983,-0.000750018551234215
16.999,-0.000378065147626753
17.015,-1.57671987856849e-05
17.031,0.000315266153152177
17.047,0.000595927547645012
17.063,0.000810790133315932
17.079,0.000949017644288053
17.095,0.00100494511821981
17.111,0.000978292030819024
17.127,0.000873996348842754
17.143,0.000701688315544873
17.16,0.000474854218338196
17.176,0.000209767904516042
17.192,-7.5714885507973e-05
17.208,-0.000363400388113731
17.224,-0.000635946610234004
17.24,-0.000877918317209251
17.256,-0.0010766400953344
17.272,-0.00122279797524531
17.288,-0.00131076399988008
17.304,-0.00133864657143885
17.32,-0.00130809697383551
17.336,-0.00122392274238067
17.352,-0.00109356663945591
17.368,-0.00092650516219687
17.384,-0.000733607697489103
17.401,-0.000526484572155886
17.417,-0.00031684480406234
17.433,-0.00011588232327027
17.449,6.62912659116328e-05
17.465,0.000221152617857738
17.481,0.000342202318645394
17.497,0.000425325310238765
17.513,0.000469069083639242
17.529,0.00047482492751849
17.545,0.000446887935850113
17.561,0.000392364730877653
17.577,0.000320898003265511
17.593,0.000244186542367748
17.609,0.000175298161774305
17.625,0.000127797820250459
17.641,0.000114740122761912
17.657,0.000147599835942616
17.673,0.000235231450816853
17.689,0.000382955359776193
17.705,0.000591862569749826
17.722,0.00085841339311966
17.738,0.0011743807695208
17.754,0.00152715842428234
17.77,0.00190042072059393
17.786,0.00227508789579876
17.802,0.00263052107000819
17.818,0.00294585039858648
17.834,0.00320133078324563
17.85,0.00337962303383311
17.866,0.00346691065849175
17.882,0.00345377874649951
17.898,0.00333579833254883
17.914,0.00311377615635941
17.93,0.00279364762175036
17.946,0.00238601307292621
17.962,0.00190534470420098
17.978,0.00136892025276339
17.994,0.000795566412881473
18.011,0.000204317131530354
18.027,-0.000386894006035023
18.042,-0.000962386947975005
18.059,-0.00150962720381246
18.075,-0.00201977602399029
18.091,-0.00248785283458259
18.107,-0.0029125050562315
18.123,-0.00329542413367709
18.139,-0.00364048696290961
18.155,-0.00395273162524966
18.171,-0.00423728928799926
18.187,-0.00449838813918048
18.203,-0.00473852372357866
18.219,-0.00495786075040112
18.235,-0.00515390262437092
18.251,-0.00532144170349551
18.267,-0.00545278609028444
18.284,-0.00553824497396308
18.3,-0.00556684088065633
18.316,-0.00552720161774257
18.332,-0.00540856732391701
18.348,-0.00520183089364704
18.364,-0.00490051651590744
18.38,-0.00450159529494155
18.396,-0.00400604251093369
18.412,-0.00341905983162373
18.428,-0.00274991711195785
18.444,-0.00201140865581233
18.46,-0.00121896147604923
18.476,-0.000389471435173214
18.492,0.000460027062354526
18.508,0.00131373258525772
18.524,0.00215835574875769
18.54,0.00298417583904603
18.556,0.00378575995731572
18.572,0.00456225299019889
18.589,0.00531717570365078
18.604,0.00605770229155178
18.62,0.00679342756225865
18.636,0.00753467660797133
18.653,0.00829045543041973
18.669,0.00906618748838765
18.685,0.00986142215778279
18.701,0.0106677276710755
18.717,0.011466987449075
18.733,0.0122303057485354
18.749,0.0129177012358161
18.765,0.0134787291631763
18.781,0.0138541238550876
18.797,0.0139784903596895
18.813,0.0137839962800929
18.829,0.0132049260605302
18.845,0.0121828691291857
18.861,0.0106722297705451
18.878,0.00864567867138361
18.893,0.0060991222407521
18.909,0.0030557541071384
18.926,-0.000431222574854263
18.942,-0.00427755560141999
18.958,-0.00836885549773858
18.974,-0.0125636194610121
18.99,-0.0166983964742931
19.006,-0.0205949634401324
19.022,-0.0240692060286089
19.038,-0.0269412326184567
19.054,-0.029046121128356
19.07,-0.030244612063425
19.086,-0.0304330110323559
19.102,-0.0295515542948831
19.118,-0.0275905370205313
19.134,-0.024593618909938
19.15,-0.020657905315053
19.166,-0.0159306380376709
19.183,-0.0106025915564753
19.198,-0.00489852726108472
19.215,0.000934715492696987
19.23,0.00664173341292726
19.247,0.0119727956826978
19.263,0.0166978550887425
19.279,0.0206193873766588
19.295,0.0235831860489296
19.311,0.0254863864889077
19.327,0.0262822017606044
19.343,0.0259811007232907
19.359,0.0246484217870478
19.375,0.0223986701969949
19.391,0.019386975010032
19.407,0.0157983695320322
19.423,0.0118356941367698
19.439,0.00770699320417922
19.456,0.00361328285819021
19.472,-0.000262494135416395
19.488,-0.00376462556081258
19.504,-0.00677135779080518
19.521,-0.00919884826795113
19.536,-0.0110022174951294
19.552,-0.0121738085015676
19.568,-0.0127389837205456
19.584,-0.0127499774571898
19.6,-0.0122784593618984
19.616,-0.0114075395123436
19.632,-0.0102239535618235
19.648,-0.00881110818528305
19.664,-0.00724354974053233
19.68,-0.00558325302487377
19.696,-0.00387792620973528
19.712,-0.00216131278040628
19.728,-0.000455266952675592
19.744,0.00122679233777119
19.76,0.00287557088187614
19.776,0.00448133386997332
19.792,0.00602971636263551
19.808,0.00749850894088857
19.824,0.00885591492957895
19.841,0.0100605951204379
19.857,0.0110635725551767
19.873,0.0118118049084594
19.889,0.0122529993369647
19.905,0.0123410867571758
19.92,0.0120417046909029
19.937,0.0113370501018548
19.953,0.0102295388397221
19.969,0.00874383848842013
19.985,0.00692702017521485
20.001,0.00484677833411323
20.017,0.00258785773383082
20.033,0.000246977486791327
20.049,-0.00207334899116612
20.065,-0.00427161835993118
20.081,-0.00625423038611698
20.097,-0.00794191559409926
20.113,-0.00927517749626897
20.129,-0.0102183143536003
20.145,-0.0107617033742897
20.161,-0.010922159931235
20.177,-0.010741313147021
20.193,-0.0102820667417333
20.209,-0.00962334842596659
20.226,-0.00885349702483574
20.242,-0.00806278275106634
20.258,-0.00733567475657174
20.274,-0.00674352918303914
20.29,-0.00633834984941797
20.305,-0.00614817309230492
20.322,-0.00617446891969637
20.338,-0.00639176329958798
20.354,-0.00674949934799419
20.37,-0.00717598594018842
20.386,-0.00758413604133262
20.402,-0.00787857264309168
20.418,-0.00796357929111177
20.434,-0.00775130224868307
20.45,-0.00716958015645997
20.466,-0.00616878851494268
20.482,-0.00472714190790697
20.498,-0.00285399650729846
20.514,-0.00059083532370768
20.53,0.00199020833922982
20.546,0.00479023663765571
20.562,0.00768962121608689
20.578,0.0105557264148149
20.594,0.0132517023663131
20.611,0.0156456301586423
20.627,0.0176192748499905
20.642,0.0190757466100714
20.659,0.0199454797930527
20.675,0.0201901054218561
20.691,0.0198039981541912
20.707,0.0188134987228769
20.723,0.0172740162445572
20.739,0.015265374670795
20.755,0.0128858706490632
20.771,0.0102455591693431
20.787,0.00745929040064335
20.803,0.00463999538212215
20.819,0.00189266163467156
20.835,-0.000690648085598923
20.851,-0.00303449406562218
20.867,-0.00508235980197649
20.883,-0.00679755737900856
20.899,-0.00816284084966229
20.915,-0.00917890631474643
20.931,-0.00986201015296253
20.947,-0.0102409673538816
20.963,-0.0103538006284392
20.979,-0.0102442993008321
20.996,-0.0099587180609609
21.011,-0.00954280366293636
21.028,-0.00903928636678646
21.043,-0.0084859166377571
21.06,-0.00791407389359486
21.076,-0.00734793218201633
21.092,-0.00680414216889769
21.108,-0.00629197662217263
21.124,-0.00581388131632669
21.14,-0.00536637068757762
21.156,-0.00494120522481616
21.172,-0.00452678242516448
21.188,-0.00410966307304595
21.204,-0.00367614178980777
21.22,-0.00321376052947115
21.236,-0.00271266041606726
21.252,-0.00216667333428321
21.268,-0.00157407081289416
21.284,-0.000937913126912691
21.3,-0.000265973981291206
21.316,0.000429746415816116
21.332,0.00113386713563566
21.349,0.00182874216240166
21.365,0.00249573361304526
21.381,0.00311652514341619
21.396,0.00367436707479318
21.413,0.00415515954783943
21.429,0.00454829685929094
21.445,0.00484721714847512
21.461,0.00504962862146099
21.477,0.00515741327145182
21.493,0.00517623568881275
21.509,0.00511490544428927
21.525,0.00498455786483311
21.541,0.00479772949974466
21.557,0.00456740754970144
21.573,0.00430612524456318
21.589,0.00402516179148528
21.605,0.00373389236023954
21.621,0.00343932260412658
21.637,0.00314583092851808
21.653,0.00285512808297936
21.669,0.00256642850215692
21.685,0.00227681324197439
21.701,0.00198175233806415
21.717,0.00167574680887413
21.733,0.00135304806464449
21.749,0.00100841317150599
21.765,0.000637854312188727
21.782,0.000239337075229257
21.798,-0.000186624421686079
21.813,-0.000636533016027304
21.83,-0.00110369130334772
21.846,-0.0015782488797974
21.862,-0.00204754320152466
21.878,-0.00249673891726957
21.894,-0.00290974162773068
21.91,-0.00327033004664279
21.926,-0.00356341813765603
21.942,-0.00377633129471688
21.958,-0.00389996504167339
21.974,-0.00392969673039697
21.99,-0.00386594210110121
22.006,-0.00371428588854754
22.022,-0.00348516134896733
22.038,-0.00319310027862422
22.054,-0.00285561838621539
22.07,-0.00249183731023917
22.086,-0.0021209699930515
22.102,-0.00176080770940541
22.118,-0.00142634481215928
22.135,-0.00112866286575215
22.15,-0.000874171316986436
22.167,-0.000664269512746195
22.182,-0.000495457460988476
22.198,-0.00035988331275688
22.214,-0.000246277296194219
22.23,-0.000141187828594705
22.247,-3.04086115966407e-05
22.263,9.95315691674151e-05
22.279,0.000259949304934779
22.295,0.000458781576714876
22.311,0.000699659859342571
22.327,0.00098136137821546
22.343,0.00129768530553619
22.359,0.00163776792030581
22.375,0.0019868140170523
22.391,0.00232718557215259
22.407,0.00263975769010242
22.423,0.00290542886380742
22.439,0.00310665857148283
22.455,0.00322890255911719
22.471,0.00326182716476735
22.487,0.00320020620351155
22.503,0.00304443061498898
22.519,0.00280058786541188
22.535,0.00248009555327077
22.551,0.00209890421026202
22.567,0.00167631823299523
22.583,0.00123351799986579
22.599,0.000791895819542606
22.616,0.000371340658966622
22.632,-1.1379426889291e-05
22.648,-0.000343985303392881
22.664,-0.000619665979671045
22.68,-0.000837559841837523
22.696,-0.00100267222524454
22.712,-0.00112521422197832
22.728,-0.00121940112657099
22.744,-0.00130180386128738
22.76,-0.00138939937634529
22.776,-0.00149750777508268
22.792,-0.00163782549241539
22.808,-0.00181676139639305
22.824,-0.00203425791705845
22.84,-0.00228323584845935
22.856,-0.00254974352065463
22.872,-0.00281382343390998
22.888,-0.00305103714790305
22.904,-0.00323451882968859
22.92,-0.00333736912389973
22.936,-0.00333516373605578
22.952,-0.00320834068357817
22.968,-0.00294424617604571
22.984,-0.00253865654599619
23.001,-0.00199664541102198
23.017,-0.00133272488538095
23.033,-0.000570252128650758
23.049,0.000259847244781206
23.065,0.00112093419765061
23.081,0.00197294196889165
23.097,0.00277491383994345
23.113,0.00348759899677971
23.129,0.00407591517033192
23.145,0.00451110588028392
23.161,0.00477245034829531
23.177,0.00484842038350934
23.193,0.00473721930493674
23.209,0.0044466841577088
23.225,0.00399358242840613
23.241,0.00340238120901302
23.257,0.00270360187695957
23.273,0.00193189307442744
23.289,0.00112396127685379
23.305,0.000316496077245623
23.321,-0.000455780956778712
23.337,-0.00116183073870408
23.353,-0.00177568676026043
23.369,-0.00227746535681912
23.386,-0.00265397146965954
23.402,-0.00289889913118061
23.418,-0.00301264463487631
23.434,-0.00300176819678626
23.45,-0.00287815777319301
23.466,-0.00265796419807883
23.482,-0.00236038710238825
23.498,-0.00200639422514959
23.514,-0.00161745288032964
23.53,-0.0012143448583887
23.546,-0.000816128622813743
23.562,-0.000439304460752909
23.578,-9.72248219507233e-05
23.594,0.000200228320832102
23.61,0.000446701169124092
23.626,0.000639185257605835
23.642,0.000777636632437549
23.659,0.000864453820332928
23.675,0.000903881175285949
23.691,0.000901406212471345
23.706,0.000863210599207933
23.722,0.000795716072601973
23.739,0.000705244511530707
23.755,0.000597791791878804
23.771,0.000478901404023593
23.787,0.000353616892562715
23.803,0.000226490492211065
23.819,0.000101625852688595
23.835,-1.72666009132748e-05
23.851,-0.00012682190084266
23.867,-0.000223997725801925
23.883,-0.000306089191236343
23.899,-0.000370787004674979
23.915,-0.000416275178685176
23.931,-0.000441352926311682
23.947,-0.000445554757660995
23.963,-0.000429237726755972
23.979,-0.000393608240467734
23.995,-0.000340671320291389
24.011,-0.000273098618957168
24.027,-0.000194025502077085
24.043,-0.000106801479763875
24.059,-1.47296290504351e-05
24.076,7.91654180138758e-05
24.091,0.000172307224401591
24.107,0.000262653757773478
24.123,0.000348691707506861
24.14,0.000429341152054573
24.155,0.000503783094714698
24.172,0.000571234505626801
24.188,0.000630707412210531
24.204,0.000680795913434275
24.22,0.0007195355408675
24.236,0.000744373354107446
24.252,0.000752274729563342
24.268,0.000739974006325728
24.284,0.000704352584943814
24.3,0.000642903859743908
24.316,0.000554225160970811
24.332,0.000438466817810829
24.348,0.000297668380833883
24.364,0.000135921614494456
24.38,-4.06808812588285e-05
24.396,-0.000224325097374389
24.412,-0.000405965555945924
24.428,-0.000575979279834815
24.444,-0.000724915370761763
24.46,-0.000844258848302291
24.476,-0.000927124258881326
24.493,-0.000968802776422351
24.509,-0.000967106582800666
24.525,-0.000922482462988637
24.541,-0.000837896141756197
24.557,-0.00071851479892639
24.573,-0.000571235214845058
24.589,-0.000404117936520137
24.605,-0.000225792513963809
24.621,-4.489515685174e-05
24.637,0.000130410351496685
24.653,0.000292793462242828
24.669,0.000435984609518572
24.685,0.000554877294063684
24.701,0.000645530681246421
24.717,0.000705108964074968
24.733,0.000731794180168002
24.749,0.000724704048564867
24.765,0.000683840044584886
24.781,0.00061008360702622
24.798,0.000505247679059331
24.814,0.000372175824318446
24.83,0.000214863945586029
24.846,3.8564358789326e-05
24.862,-0.000150176331692693
24.877,-0.000343592358685489
24.894,-0.000532922331547601
24.91,-0.000708797318156129
24.926,-0.000861783769610629
24.942,-0.000983041893546762
24.958,-0.00106503199080461
24.974,-0.00110218185810423
24.99,-0.0010914237991419
25.006,-0.00103252256090206
25.022,-0.00092814308976703
25.038,-0.000783643447999875
25.054,-0.000606616600734967
25.07,-0.000406237947321044
25.086,-0.000192497040477074
25.102,2.46008836162626e-05
25.118,0.000235782380736509
25.134,0.000433131607568518
25.15,0.000610537642451176
25.166,0.000763925341485066
25.182,0.000891256977905445
25.198,0.000992320312214292
25.214,0.00106834454003242
25.231,0.00112150487386388
25.247,0.0011543873956972
25.263,0.00116948600762669
25.279,0.00116879180335374
25.295,0.00115351561676801
25.311,0.00112396348128613
25.327,0.00107956614067414
25.343,0.00101904707090844
25.359,0.000940698344579077
25.375,0.000842722902150859
25.391,0.000723597800229162
25.407,0.000582414524430561
25.423,0.00041915773883158
25.439,0.000234894147520262
25.455,3.18596384399318e-05
25.471,-0.000186548045423587
25.487,-0.000415849278941521
25.503,-0.000650608152748263
25.519,-0.000884580649715378
25.535,-0.00111087198384844
25.552,-0.0013221012321937
25.567,-0.00151058195461929
25.583,-0.0016685344844817
25.599,-0.00178834645852898
25.616,-0.00186289185589944
25.632,-0.0018859073824046
25.648,-0.00185241257592546
25.664,-0.00175914941914727
25.68,-0.00160500871468464
25.696,-0.00139140300391962
25.712,-0.00112254001209325
25.728,-0.000805550194795539
25.744,-0.000450430874025102
25.76,-6.9786638931482e-05
25.776,0.000321634912988166
25.792,0.000707596383989334
25.808,0.00107118297366558
25.824,0.00139573009810378
25.84,0.00166580729132256
25.856,0.00186818661159267
25.872,0.00199271772631769
25.889,0.00203303615889934
25.904,0.00198704537902008
25.92,0.00185713305870047
25.936,0.00165010303385179
25.952,0.00137682688642515
25.969,0.00105164213589754
25.985,0.000691543895581787
26.001,0.000315229351132145
26.017,-5.7940337434203e-05
26.033,-0.000408995300916992
26.049,-0.000720366653172082
26.065,-0.000976795282372669
26.081,-0.00116609674983852
26.097,-0.00127975427922284
26.113,-0.00131332595794267
26.129,-0.00126666209129017
26.145,-0.00114393229176042
26.161,-0.000953461707924148
26.177,-0.000707377072675941
26.193,-0.000421067941976795
26.209,-0.000112473314512137
26.226,0.000198793184604638
26.241,0.000492461116355422
26.257,0.000748732832375172
26.273,0.000949474462166782
26.289,0.00107939961677398
26.305,0.00112716626027086
26.321,0.00108630418445533
26.337,0.000955893158017604
26.353,0.000740919875291468
26.37,0.00045225643758483
26.386,0.00010622500469362
26.402,-0.000276257039853583
26.418,-0.000670920581952945
26.434,-0.00105170681016237
26.45,-0.00139254076766115
26.466,-0.00166917989038734
26.482,-0.00186098432090794
26.498,-0.00195245634947278
26.514,-0.00193441452797786
26.53,-0.00180470040919091
26.546,-0.0015683578824713
26.562,-0.00123727232032506
26.578,-0.00082930486285806
26.594,-0.000367001400228994
26.61,0.000124008802932802
26.626,0.000616787053449849
26.642,0.00108488464366094
26.658,0.00150402449230589
26.674,0.00185353919647696
26.69,0.00211747006430768
26.706,0.00228527035527028
26.722,0.00235209550693799
26.739,0.00231869766542636
26.755,0.00219096867229783
26.771,0.00197919497229862
26.787,0.00169710170404599
26.803,0.00136077272315288
26.819,0.000987537014699714
26.835,0.000594907556231809
26.851,0.000199645784544065
26.867,-0.000182994484678743
26.883,-0.000539812218967043
26.899,-0.00085998492599021
26.915,-0.00113518859727726
26.931,-0.00135954412789027
26.947,-0.00152943461175948
26.963,-0.00164324225359563
26.979,-0.00170105126723473
26.995,-0.00170435552318297
27.011,-0.00165579894506991
27.027,-0.00155896579996055
27.044,-0.00141822923366698
27.059,-0.00123865963718602
27.075,-0.00102598838569442
27.091,-0.000786615734482624
27.108,-0.00052764388321358
27.124,-0.000256909447119082
27.14,1.70134294958825e-05
27.156,0.000284867273676342
27.172,0.000536848601822577
27.188,0.000762851075794486
27.204,0.000952829732404637
27.22,0.00109728671988166
27.236,0.00118785897190465
27.252,0.00121796852117915
27.268,0.00118348076929022
27.284,0.00108330590497288
27.3,0.000919873430494132
27.316,0.000699410110125565
27.332,0.000431959752228604
27.348,0.000131101044631578
27.364,-0.000186652669305104
27.38,-0.00050275268887921
27.396,-0.000797757165917277
27.412,-0.00105262767399454
27.429,-0.00125006954024023
27.445,-0.00137579677578982
27.461,-0.00141960846731999
27.476,-0.00137618291801112
27.493,-0.00124552506822877
27.509,-0.00103303685687326
27.525,-0.000749213970306608
27.541,-0.000409001464904515
27.557,-3.08628823114013e-05
27.573,0.000364367171781266
27.589,0.000754767435258989
27.605,0.00111866693467625
27.621,0.00143594884909245
27.637,0.0016892385262499
27.653,0.00186490157183257
27.669,0.00195379316469496
27.685,0.00195171913062021
27.701,0.00185958950796261
27.717,0.00168326505350581
27.733,0.00143311661449844
27.749,0.00112333588498893
27.766,0.000771051372193671
27.781,0.000395312733263625
27.798,1.60085965238138e-05
27.813,-0.000347221814774886
27.83,-0.000676031492863741
27.846,-0.000954319770615987
27.862,-0.00116906203726497
27.878,-0.0013109861819627
27.894,-0.00137507277716816
27.91,-0.0013608589640202
27.926,-0.00127252570545633
27.942,-0.00111874732386137
27.958,-0.00091228529518748
27.974,-0.000669318278054267
27.99,-0.00040851766636101
28.006,-0.000149900339257333
28.022,8.64854463666055e-05
28.038,0.000281961944814631
28.054,0.000420613399740243
28.07,0.000490556941269093
28.086,0.000484981225129775
28.102,0.000402852427790117
28.118,0.000249210877931365
28.134,3.50141261847532e-05
28.15,-0.000223481512049245
28.166,-0.000505773578681473
28.183,-0.000788540925391947
28.198,-0.00104735810431521
28.214,-0.00125858246955619
28.23,-0.00140127537298459
28.246,-0.00145899970070902
28.263,-0.00142132905872599
28.279,-0.00128491541357658
28.295,-0.00105399346451611
28.311,-0.000740248861881833
28.327,-0.000362038553760987
28.343,5.6982528544358e-05
28.359,0.000489712674304536
28.375,0.000907767404969105
28.391,0.00128375943937554
28.407,0.00159348622206628
28.423,0.00181782527083791
28.439,0.00194416492702352
28.455,0.00196724303088643
28.471,0.00188932653368504
28.487,0.00171973511898656
28.503,0.00147378189509578
28.519,0.00117126350039464
28.535,0.000834671534402482
28.551,0.000487312328658423
28.567,0.000151513521394285
28.584,-0.000152931535537937
28.6,-0.000409970894993666
28.616,-0.000608089545633916
28.632,-0.000740679209721526
28.648,-0.000806012840192627
28.664,-0.000806888753613535
28.68,-0.000750029488268849
28.696,-0.000645324890707839
28.712,-0.000504999396174051
28.728,-0.000342764587685766
28.744,-0.000172996295645347
28.76,-9.95605910632509e-06
28.776,0.000132937859176637
28.792,0.0002437930072245
28.808,0.000312881540121848
28.824,0.000333227612118566
28.84,0.0003011177680409
28.856,0.000216489890475999
28.872,8.31447337672638e-05
28.888,-9.12749580211132e-05
28.905,-0.00029557946090274
28.921,-0.000515619905549445
28.937,-0.000735156865512709
28.953,-0.000936962302665853
28.969,-0.00110407434355104
28.985,-0.00122110074145518
29.001,-0.00127545629205572
29.017,-0.00125842200174063
29.033,-0.00116592887531854
29.049,-0.000998995481968946
29.065,-0.000763782025982434
29.081,-0.000471258694094422
29.097,-0.000136518121840991
29.113,0.00022221095741116
29.129,0.000584770208412423
29.145,0.000930404520772938
29.161,0.00123911959561674
29.177,0.00149296329527166
29.193,0.00167713958988696
29.209,0.00178088273677854
29.225,0.00179804438738882
29.241,0.00172737361224454
29.257,0.00157249563323685
29.273,0.00134161541961083
29.289,0.00104698391612571
29.305,0.00070416820835935
29.321,0.00033116701754841
29.337,-5.25864239221698e-05
29.354,-0.000427289877855072
29.37,-0.000773858628637513
29.386,-0.0010749822314361
29.402,-0.00131609749535118
29.418,-0.0014862216479617
29.434,-0.00157858975732282
29.45,-0.00159104407038487
29.466,-0.00152613161833747
29.482,-0.00139088248598927
29.498,-0.00119626606080094
29.514,-0.000956354485145814
29.53,-0.00068725565626473
29.546,-0.000405905727775832
29.562,-0.000128828175515127
29.578,0.000129029532786348
29.594,0.000355279811424345
29.61,0.000540817538777257
29.626,0.00068022701867036
29.642,0.000771850723822074
29.658,0.000817530087717838
29.674,0.000822059603115239
29.69,0.000792421839650728
29.706,0.000736890392189179
29.722,0.000664098432527659
29.738,0.000582171008741543
29.754,0.00049800841394933
29.771,0.000416786278519369
29.786,0.000341708722197834
29.803,0.00027401860827622
29.819,0.000213237808352973
29.835,0.000157584338073592
29.851,0.000104496319995899
29.867,5.11872206088808e-05
29.883,-4.83801873320519e-06
29.899,-6.53628260297132e-05
29.915,-0.000131172445515627
29.931,-0.000201916429551068
29.947,-0.000276113841321059
29.963,-0.000351277328543383
29.979,-0.000424122132044404
29.995,-0.00049082405945799
30.011,-0.000547294365812874
30.027,-0.000589446306944264
30.043,-0.000613436411100716
30.059,-0.000615873633422549
30.075,-0.000594000620912708
30.091,-0.000545859069649751
30.107,-0.000470451275354804
30.123,-0.000367902644169786
30.139,-0.000239619530778956
30.155,-8.8427567442081e-05
30.171,8.13312534734536e-05
30.188,0.00026376954583105
30.204,0.000451522060739729
30.22,0.000635933821837173
30.236,0.000807382740373517
30.252,0.000955738841444288
30.268,0.00107095050914959
30.284,0.00114373341771819
30.3,0.00116631878004589
30.316,0.00113319884616897
30.332,0.00104179510106529
30.348,0.00089297080691087
30.364,0.00069131513846579
30.38,0.00044514220313163
30.396,0.000166174315776862
30.412,-0.000131088140105147
30.428,-0.000430272670104083
30.444,-0.000714246114922037
30.46,-0.000966335889113825
30.476,-0.0011715509560042
30.492,-0.00131769014651244
30.508,-0.00139623481734161
30.524,-0.00140294435511228
30.54,-0.00133810590026824
30.556,-0.00120642860313773
30.573,-0.00101660960534713
30.589,-0.000780628235415147
30.604,-0.000512845374778898
30.621,-0.000228996299995508
30.637,5.4833637498797e-05
30.653,0.000323170368753967
30.669,0.00056198638399086
30.685,0.000759367980629644
30.701,0.000905994651015098
30.717,0.000995431233710711
30.733,0.00102425015470275
30.749,0.000992012462221295
30.765,0.00090114114287327
30.781,0.000756717413732864
30.797,0.000566220861536799
30.813,0.000339220985291278
30.829,8.70161528496983e-05
30.845,-0.000177790070672777
30.861,-0.000441784584318089
30.877,-0.000691314083524267
30.893,-0.000913115818072514
30.909,-0.0010949807383906
30.925,-0.00122640546552845
30.941,-0.00129918101769196
30.957,-0.00130786520854258
30.973,-0.0012500928420296
30.99,-0.00112669352141795
31.006,-0.000941609213482149
31.022,-0.000701628193763708
31.037,-0.000415973096467533
31.054,-9.57940498534784e-05
31.07,0.000246378774365674
31.086,0.000597175365289709
31.102,0.000942885440485335
31.118,0.00126990223949995
31.134,0.00156511254530491
31.15,0.00181624820932182
31.166,0.0020122228173608
31.182,0.00214347811633516
31.198,0.00220235564400959
31.214,0.00218349127293765
31.23,0.00208421032556605
31.246,0.00190488482380928
31.262,0.00164920601521539
31.279,0.00132432577460803
31.294,0.000940828319459842
31.311,0.000512505667901838
31.327,5.59241626920829e-05
31.343,-0.000410215119257719
31.359,-0.000865902181584325
31.375,-0.00129079294267564
31.391,-0.00166528087525278
31.407,-0.00197160255805273
31.422,-0.00219490765964987
31.438,-0.0023242202057937
31.455,-0.00235321843890819
31.471,-0.0022807683793768
31.487,-0.00211116187441823
31.503,-0.00185402939033907
31.519,-0.00152391677205593
31.535,-0.00113953364142904
31.551,-0.000722701710725589
31.567,-0.000297054901909216
31.583,0.00011343237939716
31.599,0.000485990234715822
31.615,0.000800555950585924
31.631,0.00104111128066272
31.647,0.00119673815887034
31.663,0.00126229933390778
31.679,0.00123868450292171
31.695,0.0011326016889473
31.711,0.000955933344594829
31.727,0.000724714103498183
31.743,0.000457819570033272
31.76,0.000175480331833776
31.775,-0.00010225013906803
31.791,-0.000356943248589202
31.808,-0.000573039917495721
31.824,-0.000738795871789316
31.84,-0.000846860225023272
31.856,-0.000894452045372074
31.872,-0.00088313490082991
31.888,-0.000818228703649993
31.904,-0.000707938929576971
31.92,-0.000562317535202014
31.936,-0.000392187399906784
31.952,-0.000208157093640398
31.968,-1.98279831210415e-05
31.984,0.000164740943717341
32,0.00033928680555676
32.016,0.000499333002468412
32.032,0.00064196846527632
32.048,0.000765488763726856
32.064,0.000868975205543166
32.08,0.000951879892786303
32.096,0.00101367214813343
32.112,0.00105358815064014
32.128,0.00107051107930082
32.144,0.00106299337120379
32.16,0.00102941665437131
32.176,0.00096826979567359
32.193,0.000878512477370341
32.209,0.000759981325652063
32.225,0.000613787651934453
32.24,0.000442650600188151
32.257,0.00025110920464426
32.273,4.55647399765768e-05
32.289,-0.000165878233281383
32.305,-0.000373779797178832
32.321,-0.000567922192179392
32.337,-0.000738011558164758
32.353,-0.000874458423611302
32.369,-0.000969161353824812
32.385,-0.00101621857528893
32.401,-0.00101249979675417
32.417,-0.000958021461400771
32.433,-0.000856083125217146
32.449,-0.000713141519776149
32.465,-0.000538421370520133
32.481,-0.000343286292649946
32.497,-0.000140417194072693
32.513,5.71332115135482e-05
32.529,0.000236926945636545
32.545,0.000388080502265329
32.561,0.00050207285785811
32.577,0.000573346611264671
32.593,0.000599645688967432
32.609,0.000582060970833989
32.625,0.000524786956665167
32.641,0.000434621001648525
32.657,0.000320259189856588
32.673,0.000191459864540895
32.689,5.81555476349666e-05
32.705,-7.04054673524736e-05
32.722,-0.000186413926142377
32.737,-0.000284089238118641
32.754,-0.000360057886241055
32.77,-0.000413492799512582
32.786,-0.000446006258463717
32.802,-0.000461310690855587
32.818,-0.000464682732329575
32.834,-0.000462282600156694
32.85,-0.000460391236222061
32.866,-0.000464633694879329
32.882,-0.000479261145763001
32.898,-0.000506563783878895
32.914,-0.000546478585241778
32.93,-0.000596438265618762
32.946,-0.000651484909102354
32.962,-0.000704647472872556
32.978,-0.000747557329576833
32.994,-0.000771250458523884
33.01,-0.000767082124793283
33.026,-0.000727664222617051
33.042,-0.000647729284956551
33.058,-0.000524829208391971
33.074,-0.0003597910820331
33.09,-0.000156875452193374
33.106,7.63899564729485e-05
33.122,0.000329698626544507
33.138,0.000590742104057878
33.154,0.00084620875348065
33.17,0.00108290737788248
33.187,0.00128889753473894
33.203,0.00145450166910583
33.219,0.00157308383702471
33.235,0.00164150530650856
33.251,0.00166020568791979
33.267,0.00163290408002707
33.283,0.00156596171828939
33.299,0.00146748947414339
33.315,0.00134631392172976
33.331,0.00121092940561139
33.347,0.00106855937825599
33.363,0.00092443127699243
33.379,0.000781339840082367
33.395,0.000639538497831645
33.411,0.000496962369378797
33.427,0.000349753311022916
33.443,0.000193028302696905
33.459,2.1808101148224e-05
33.476,-0.000167993010024964
33.492,-0.000378620767940441
33.508,-0.000609678357844928
33.523,-0.000857558920936431
33.539,-0.00111518975509634
33.555,-0.00137214238679889
33.571,-0.00161513063925461
33.588,-0.00182887897749977
33.604,-0.00199730066619948
33.62,-0.00210488553474219
33.636,-0.00213816650744514
33.652,-0.00208711871980696
33.668,-0.0019463489631027
33.684,-0.00171595483250897
33.7,-0.00140196623905516
33.716,-0.00101632102025887
33.732,-0.000576367741139945
33.748,-0.000103929437542274
33.764,0.000376001869798012
33.78,0.000836841961782645
33.796,0.00125214555300298
33.812,0.00159736461409217
33.828,0.00185150576480998
33.844,0.00199856744110168
33.86,0.00202865523036764
33.876,0.00193869819577356
33.892,0.00173271794999484
33.908,0.00142163357984107
33.924,0.00102261687628517
33.94,0.000558041287111201
33.956,5.40935759650312e-05
33.973,-0.000460860005448206
33.988,-0.000958041779623042
34.004,-0.00141004156934184
34.021,-0.00179248215975053
34.037,-0.00208545662038055
34.052,-0.00227463975771039
34.068,-0.00235199868251215
34.085,-0.00231605653924067
34.101,-0.00217169820389925
34.117,-0.00192954400117043
34.133,-0.00160495314491989
34.149,-0.00121674922148142
34.165,-0.000785782852753058
34.181,-0.0003334591496935
34.197,0.000119642714855807
34.213,0.000554944814998172
34.229,0.000956755049389343
34.245,0.00131281273108008
34.261,0.00161448946283351
34.277,0.00185668025608719
34.293,0.00203745093206829
34.309,0.00215752493769614
34.325,0.00221969624368687
34.341,0.00222824729654493
34.357,0.00218843439617421
34.373,0.0021060803030351
34.39,0.00198728870744247
34.405,0.00183827074980134
34.422,0.00166525389246063
34.437,0.00147443196191161
34.454,0.00127191454420737
34.47,0.00106364424371153
34.486,0.000855268564354818
34.502,0.000651973096157265
34.518,0.000458297293286029
34.534,0.000277959497749846
34.55,0.000113715088325115
34.566,-3.27348211306477e-05
34.582,-0.000160772665023594
34.598,-0.000270824344525234
34.614,-0.000364246183887722
34.63,-0.000443141179503555
34.646,-0.000510116079853524
34.662,-0.000568002045341808
34.678,-0.00061957081007067
34.694,-0.000667282031241991
34.71,-0.000713095773242654
34.726,-0.000758378565760452
34.742,-0.000803922063566376
34.758,-0.000850078194428477
34.774,-0.000896994745518321
34.79,-0.000944915706933177
34.807,-0.000994495962524966
34.822,-0.00104707086555723
34.838,-0.00110481810591847
34.854,-0.00117075521542932
34.87,-0.00124853424388615
34.886,-0.00134202436018206
34.902,-0.00145470816987974
34.919,-0.00158895225556977
34.935,-0.001745241060607
34.951,-0.00192148003591865
34.967,-0.00211247455731902
34.983,-0.00230967555529147
34.999,-0.0025012562338364
35.015,-0.00267255241194669
35.031,-0.00280686360731922
35.047,-0.00288657238265554
35.063,-0.0028944984150992
35.079,-0.00281536888306895
35.095,-0.00263726589168916
35.111,-0.0023529079199673
35.127,-0.00196063446349773
35.143,-0.00146498847910292
35.159,-0.00087682706696902
35.175,-0.000212933830497812
35.191,0.00050484724677922
35.207,0.00125089100930057
35.223,0.00199737800925421
35.239,0.00271605415662905
35.255,0.00338001335104302
35.271,0.00396535479045183
35.287,0.00445258402145263
35.303,0.00482765780980216
35.319,0.0050826128439511
35.335,0.00521575966308475
35.351,0.00523145829630948
35.367,0.00513951706227991
35.383,0.00495427274866526
35.399,0.00469342357098126
35.416,0.00437669757271008
35.432,0.00402444589053719
35.448,0.00365625015263954
35.464,0.00328962698265717
35.48,0.0029389018134798
35.496,0.00261430952484634
35.512,0.0023213622794854
35.528,0.00206050942911552
35.544,0.00182710491302433
35.56,0.00161169477844596
35.576,0.00140063632333306
35.592,0.00117705332221152
35.608,0.000922114142111721
35.624,0.00061659211071576
35.64,0.00024263481985592
35.656,-0.000214363274219465
35.672,-0.000763917088092193
35.688,-0.00140878462771597
35.705,-0.00214363204247549
35.72,-0.00295417846757843
35.736,-0.00381695259477106
35.753,-0.00469976284120035
35.768,-0.00556293805856335
35.784,-0.00636133884784032
35.801,-0.00704707666658732
35.816,-0.00757281409103035
35.833,-0.0078954572751214
35.849,-0.00797999325770275
35.865,-0.00780317645562478
35.881,-0.0073567399474137
35.897,-0.0066498054955976
35.913,-0.00571019371047946
35.929,-0.00458439191485679
35.945,-0.0033360221331725
35.961,-0.00204276235670055
35.977,-0.000791802031679802
35.993,0.00032595401267997
36.009,0.00122259085509966
36.025,0.00182034317140945
36.041,0.0020586692793326
36.057,0.00190065294573939
36.073,0.00133814798363604
36.089,0.000395135706039092
36.105,-0.000871128512500638
36.121,-0.00237145656998955
36.137,-0.00398866110235224
36.153,-0.00558399716881328
36.169,-0.00700582715727559
36.185,-0.00810001153849106
36.201,-0.0087213200022849
36.218,-0.00874498722181274
36.233,-0.0080774427188268
36.25,-0.00666525010622055
36.266,-0.00450140451336389
36.282,-0.0016283503473853
36.298,0.00186262633891816
36.314,0.0058356390120987
36.33,0.0101177411503462
36.346,0.0145091246442847
36.362,0.018795096480918
36.378,0.0227588125180475
36.394,0.0261937218146583
36.41,0.0289147708890137
36.426,0.0307676206543136
36.442,0.0316354092748549
36.458,0.0314429072286941
36.474,0.0301582007584232
36.491,0.0277922550930556
36.507,0.0243968234871078
36.522,0.0200611869253855
36.539,0.0149081536444358
36.555,0.00908964222154202
36.571,0.00278204034120502
36.587,-0.00381860546745311
36.603,-0.010501636129236
36.619,-0.0170472163627791
36.635,-0.0232323460845845
36.651,-0.0288375945844961
36.667,-0.0336546038356483
36.683,-0.0374942610376548
36.699,-0.0401952743288621
36.715,-0.0416327249414104
36.731,-0.0417260369740045
36.747,-0.0404457194719914
36.763,-0.0378182052672371
36.779,-0.033928145635747
36.796,-0.0289176280282292
36.812,-0.0229819703766698
36.828,-0.0163620027334796
36.844,-0.00933305265781612
36.86,-0.00219116968797728
36.876,0.0047625816337094
36.892,0.0112386952311377
36.908,0.0169754524579823
36.924,0.021753566181719
36.94,0.025408100774459
36.956,0.0278367520835364
36.972,0.0290038886912527
36.988,0.0289401282909266
37.004,0.02773760874968
37.021,0.0255414699817692
37.037,0.0225383504064802
37.053,0.0189428906984181
37.069,0.0149833168188252
37.085,0.010887153456292
37.101,0.00686801857435339
