run_timestamp,request_id,request_ts,glove_received,left_glove_time_ms,left_read_time,left_palm_flex_mcp,left_palm_flex_pip,left_palm_yaw_mid,left_palm_pitch_mid,left_palm_roll_mid,left_palm_ax_mid,left_palm_ay_mid,left_palm_az_mid,left_palm_yaw_prox,left_palm_pitch_prox,left_palm_roll_prox,left_palm_ax_prox,left_palm_ay_prox,left_palm_az_prox,left_thumb_flex_mcp,left_thumb_flex_pip,left_thumb_yaw_mid,left_thumb_pitch_mid,left_thumb_roll_mid,left_thumb_ax_mid,left_thumb_ay_mid,left_thumb_az_mid,left_thumb_yaw_prox,left_thumb_pitch_prox,left_thumb_roll_prox,left_thumb_ax_prox,left_thumb_ay_prox,left_thumb_az_prox,left_index_flex_mcp,left_index_flex_pip,left_index_yaw_mid,left_index_pitch_mid,left_index_roll_mid,left_index_ax_mid,left_index_ay_mid,left_index_az_mid,left_index_yaw_prox,left_index_pitch_prox,left_index_roll_prox,left_index_ax_prox,left_index_ay_prox,left_index_az_prox,left_middle_flex_mcp,left_middle_flex_pip,left_middle_yaw_mid,left_middle_pitch_mid,left_middle_roll_mid,left_middle_ax_mid,left_middle_ay_mid,left_middle_az_mid,left_middle_yaw_prox,left_middle_pitch_prox,left_middle_roll_prox,left_middle_ax_prox,left_middle_ay_prox,left_middle_az_prox,left_ring_flex_mcp,left_ring_flex_pip,left_ring_yaw_mid,left_ring_pitch_mid,left_ring_roll_mid,left_ring_ax_mid,left_ring_ay_mid,left_ring_az_mid,left_ring_yaw_prox,left_ring_pitch_prox,left_ring_roll_prox,left_ring_ax_prox,left_ring_ay_prox,left_ring_az_prox,left_pinky_flex_mcp,left_pinky_flex_pip,left_pinky_yaw_mid,left_pinky_pitch_mid,left_pinky_roll_mid,left_pinky_ax_mid,left_pinky_ay_mid,left_pinky_az_mid,left_pinky_yaw_prox,left_pinky_pitch_prox,left_pinky_roll_prox,left_pinky_ax_prox,left_pinky_ay_prox,left_pinky_az_prox
2026-04-15 20:59:50,1,2026-04-15T11:00:17.836Z,True,71135.0,2026-04-15 21:00:17.888,-1.0,-1.0,0.0,0.0,0.0,0.0,0.0,0.0,0.0,0.0,0.0,0.0,0.0,0.0,685.0,677.0,0.0,0.0,0.0,0.0,0.0,0.0,0.0,0.0,0.0,0.0,0.0,0.0,657.0,652.0,0.0,0.0,0.0,0.0,0.0,0.0,0.0,0.0,0.0,0.0,0.0,0.0,635.0,623.0,0.0,0.0,0.0,0.0,0.0,0.0,0.0,0.0,0.0,0.0,0.0,0.0,590.0,593.0,0.0,0.0,0.0,0.0,0.0,0.0,0.0,0.0,0.0,0.0,0.0,0.0,532.0,533.0,0.0,0.0,0.0,0.0,0.0,0.0,0.0,0.0,0.01,0.0,-0.01,0.0
2026-04-15 20:59:50,2,2026-04-15T11:00:17.936Z,True,71223.0,2026-04-15 21:00:18.162,-1.0,-1.0,0.0,0.0,0.0,0.0,0.0,0.0,0.0,0.0,0.0,0.0,0.0,0.0,413.0,411.0,0.0,0.0,0.0,0.0,0.0,-0.01,-0.02,0.0,0.0,-0.02,0.0,0.0,360.0,356.0,0.02,0.0,0.0,0.0,0.0,0.0,-0.01,0.0,0.0,0.0,0.0,0.0,382.0,389.0,0.01,0.0,0.0,0.0,0.0,0.0,0.01,0.0,0.0,0.0,0.0,0.0,409.0,405.0,0.0,0.0,0.0,0.0,0.01,0.0,0.0,0.0,0.0,0.0,0.0,0.0,367.0,364.0,0.0,0.0,0.0,0.0,0.0,0.01,0.0,0.0,0.01,0.0,-0.01,0.0
2026-04-15 20:59:50,3,2026-04-15T11:00:18.037Z,True,71497.0,2026-04-15 21:00:18.440,-1.0,-1.0,0.0,0.0,0.0,0.0,0.0,0.0,0.0,0.0,0.0,0.0,0.0,0.0,410.0,405.0,-0.01,0.0,0.0,-0.01,0.01,-0.01,-0.02,0.0,0.0,-0.01,0.0,0.0,355.0,349.0,0.02,0.0,0.0,0.01,0.0,0.0,-0.01,0.0,0.0,-0.01,0.0,0.0,392.0,393.0,0.01,0.0,0.0,-0.01,-0.01,0.01,0.01,0.0,0.0,0.01,0.0,0.0,395.0,393.0,0.0,0.0,0.0,0.0,0.0,0.0,0.0,0.0,0.0,0.0,0.0,0.0,361.0,357.0,0.0,0.0,0.0,0.0,0.0,0.0,0.0,0.0,0.0,0.0,0.0,0.0
2026-04-15 20:59:50,4,2026-04-15T11:00:18.137Z,True,71716.0,2026-04-15 21:00:18.625,-1.0,-1.0,0.0,0.0,0.0,0.0,0.0,0.0,0.0,0.0,0.0,0.0,0.0,0.0,381.0,346.0,0.0,0.0,0.0,0.0,0.0,0.0,-0.02,0.0,0.0,0.02,0.0,0.0,343.0,333.0,0.02,0.0,0.0,-0.01,0.0,0.01,-0.01,0.0,0.0,0.0,0.0,0.01,391.0,392.0,0.01,0.0,0.0,0.0,0.0,0.0,0.01,0.0,0.0,0.0,0.0,0.0,402.0,395.0,0.0,0.0,0.0,0.0,0.0,0.0,0.0,0.0,0.0,0.0,0.01,0.0,395.0,390.0,0.0,0.0,0.0,0.0,0.0,0.0,0.0,0.0,0.01,0.0,0.0,0.01
2026-04-15 20:59:50,5,2026-04-15T11:00:18.237Z,True,71903.0,2026-04-15 21:00:19.033,-1.0,-1.0,0.0,0.0,0.0,0.0,0.0,0.0,0.0,0.0,0.0,0.0,0.0,0.0,380.0,376.0,0.0,0.0,0.0,0.0,0.0,0.0,-0.02,0.0,0.0,-0.01,0.0,-0.01,339.0,329.0,0.02,0.0,0.0,0.0,0.0,-0.01,-0.01,0.0,0.0,-0.01,0.0,0.0,366.0,374.0,0.01,0.0,0.0,0.0,0.0,0.0,0.01,0.0,0.0,0.0,0.01,0.0,394.0,389.0,0.0,0.0,0.0,0.0,0.0,-0.01,0.0,0.0,0.0,0.01,0.0,0.0,395.0,391.0,0.0,0.0,0.0,0.0,0.0,0.01,0.0,0.0,0.01,0.0,-0.01,0.0
2026-04-15 20:59:50,6,2026-04-15T11:00:18.338Z,True,72080.0,2026-04-15 21:00:19.142,-1.0,-1.0,0.0,0.0,0.0,0.0,0.0,0.0,0.0,0.0,0.0,0.0,0.0,0.0,382.0,380.0,0.0,0.0,0.0,-0.01,0.0,0.0,-0.02,0.0,0.0,0.01,0.01,-0.01,350.0,345.0,0.02,0.0,0.0,0.0,0.0,0.0,-0.01,0.0,0.0,0.0,0.0,-0.01,363.0,366.0,0.01,0.0,0.0,0.0,0.0,0.0,0.01,0.0,0.0,-0.01,0.0,0.0,399.0,395.0,0.0,0.0,0.0,-0.01,0.0,0.0,0.0,0.0,0.0,0.0,0.01,0.0,368.0,366.0,0.0,0.0,0.0,0.0,0.0,0.0,0.0,0.0,0.01,0.0,0.0,0.0
2026-04-15 20:59:50,7,2026-04-15T11:00:18.438Z,True,72254.0,2026-04-15 21:00:19.150,-1.0,-1.0,0.0,0.0,0.0,0.0,0.0,0.0,0.0,0.0,0.0,0.0,0.0,0.0,415.0,413.0,0.0,0.0,0.0,0.0,0.0,-0.01,-0.02,0.0,0.0,0.0,-0.01,0.0,347.0,346.0,0.02,0.0,0.0,0.0,0.0,0.0,-0.01,0.0,0.0,0.0,0.01,0.0,397.0,398.0,0.01,0.0,0.0,0.01,0.0,0.0,0.01,0.0,0.0,0.01,0.0,0.0,392.0,381.0,0.0,0.0,0.0,0.0,0.0,0.0,0.0,0.0,0.0,0.0,0.0,0.0,384.0,379.0,0.0,0.0,0.0,0.0,0.0,0.01,0.0,0.0,0.0,0.0,0.0,0.0
2026-04-15 20:59:50,8,2026-04-15T11:00:18.539Z,True,72422.0,2026-04-15 21:00:19.325,-1.0,-1.0,0.0,0.0,0.0,0.0,0.0,0.0,0.0,0.0,0.0,0.0,0.0,0.0,391.0,375.0,0.0,0.0,0.0,0.0,0.0,0.0,-0.02,0.0,0.0,-0.01,-0.01,0.0,343.0,335.0,0.02,0.0,0.0,0.01,0.0,0.0,-0.01,0.0,0.0,-0.01,0.0,0.01,367.0,366.0,0.01,0.0,0.0,0.0,0.0,0.0,0.01,0.0,0.0,0.0,0.0,0.01,398.0,395.0,0.0,0.0,0.0,-0.01,0.0,0.0,0.0,0.0,0.0,0.0,0.0,0.0,378.0,373.0,0.0,0.0,0.0,-0.01,-0.01,0.0,0.0,0.0,0.0,-0.01,0.0,0.0
2026-04-15 20:59:50,9,2026-04-15T11:00:18.639Z,True,72592.0,2026-04-15 21:00:19.539,-1.0,-1.0,0.0,0.0,0.0,0.0,0.0,0.0,0.0,0.0,0.0,0.0,0.0,0.0,397.0,391.0,0.0,0.0,0.0,0.0,0.0,0.0,-0.02,0.0,0.0,-0.02,0.0,0.0,343.0,340.0,0.02,0.0,0.0,0.0,0.0,0.01,-0.01,0.0,0.0,0.0,0.0,0.0,382.0,383.0,0.01,0.0,0.0,0.0,0.0,0.0,0.01,0.0,0.0,0.0,0.0,0.0,392.0,382.0,0.0,0.0,0.0,0.01,0.01,0.0,0.0,0.0,0.0,0.01,0.01,0.0,378.0,375.0,0.0,0.0,0.0,0.0,0.0,-0.01,0.0,0.0,0.0,0.0,0.0,0.0
2026-04-15 20:59:50,10,2026-04-15T11:00:18.740Z,True,72762.0,2026-04-15 21:00:19.956,-1.0,-1.0,0.0,0.0,0.0,0.0,0.0,0.0,0.0,0.0,0.0,0.0,0.0,0.0,382.0,375.0,0.0,0.0,0.0,0.0,0.0,0.0,-0.02,0.0,0.0,0.0,0.01,-0.01,345.0,347.0,0.02,0.0,0.0,0.0,0.0,0.0,-0.01,0.0,0.0,0.0,0.0,0.01,377.0,379.0,0.01,0.0,0.0,0.0,0.0,0.0,0.01,0.0,0.0,0.0,0.01,0.0,407.0,403.0,0.0,0.0,0.0,0.0,0.0,0.0,0.0,0.0,0.0,0.0,0.01,0.0,330.0,329.0,0.0,0.0,0.0,0.0,0.0,-0.01,0.0,0.0,0.0,0.0,0.0,-0.01
2026-04-15 20:59:50,11,2026-04-15T11:00:18.840Z,True,72932.0,2026-04-15 21:00:19.990,-1.0,-1.0,0.0,0.0,0.0,0.0,0.0,0.0,0.0,0.0,0.0,0.0,0.0,0.0,402.0,393.0,0.0,0.0,0.0,0.0,0.0,0.0,-0.02,0.0,0.0,0.02,0.01,0.0,341.0,338.0,0.02,0.0,0.0,0.0,0.0,0.01,-0.01,0.0,0.0,0.0,0.01,-0.01,380.0,382.0,0.01,0.0,0.0,0.0,0.01,0.0,0.01,0.0,0.0,0.0,0.0,0.0,395.0,393.0,0.0,0.0,0.0,0.0,0.0,0.0,0.0,0.0,0.0,0.0,0.0,-0.01,399.0,397.0,0.0,0.0,0.0,0.0,0.0,0.0,0.0,0.0,0.0,0.0,0.0,-0.01
2026-04-15 20:59:50,12,2026-04-15T11:00:18.940Z,True,73100.0,2026-04-15 21:00:20.350,-1.0,-1.0,0.0,0.0,0.0,0.0,0.0,0.0,0.0,0.0,0.0,0.0,0.0,0.0,396.0,396.0,0.0,0.0,0.0,0.0,0.0,0.0,-0.02,0.0,0.0,0.01,0.01,0.0,360.0,357.0,0.02,0.0,0.0,0.0,0.0,-0.01,-0.01,0.0,0.0,0.0,0.01,0.0,371.0,375.0,0.01,0.0,0.0,0.0,0.0,0.01,0.01,0.0,0.0,0.0,0.01,-0.01,399.0,393.0,0.0,0.0,0.0,0.0,0.01,0.0,0.0,0.0,0.0,0.0,0.0,0.0,375.0,373.0,0.0,0.0,0.0,0.0,-0.01,0.0,0.0,0.0,0.0,0.0,0.0,0.0
2026-04-15 20:59:50,13,2026-04-15T11:00:19.040Z,True,73267.0,2026-04-15 21:00:20.350,-1.0,-1.0,0.0,0.0,0.0,0.0,0.0,0.0,0.0,0.0,0.0,0.0,0.0,0.0,376.0,376.0,0.0,0.0,0.0,0.0,0.0,-0.01,-0.02,0.0,0.0,0.02,0.01,0.01,335.0,332.0,0.02,0.0,0.0,0.0,0.0,0.0,-0.01,0.0,0.0,0.0,0.01,0.0,357.0,361.0,0.01,0.0,0.0,0.0,0.0,0.0,0.01,0.0,0.0,0.01,0.01,-0.01,413.0,410.0,0.0,0.0,0.0,0.0,0.0,0.0,0.0,0.0,0.0,0.0,0.0,0.0,373.0,372.0,0.0,0.0,0.0,0.0,0.0,0.01,0.0,0.0,0.0,0.0,0.0,0.0
2026-04-15 20:59:50,14,2026-04-15T11:00:19.141Z,True,73431.0,2026-04-15 21:00:20.397,-1.0,-1.0,0.0,0.0,0.0,0.0,0.0,0.0,0.0,0.0,0.0,0.0,0.0,0.0,397.0,393.0,0.0,0.0,0.0,0.0,0.0,0.0,-0.02,0.0,0.0,0.01,0.0,0.0,319.0,309.0,0.02,0.0,0.0,0.0,0.0,0.0,-0.01,0.0,0.0,0.0,0.0,0.0,381.0,384.0,0.01,0.0,0.0,0.0,0.0,0.0,0.01,0.0,0.0,0.0,0.0,-0.01,399.0,394.0,0.0,0.0,0.0,0.0,0.0,0.0,0.0,0.0,0.0,0.0,0.01,0.0,393.0,383.0,0.0,0.0,0.0,0.0,0.0,0.0,0.0,0.0,0.0,0.0,-0.01,0.0
2026-04-15 20:59:50,15,2026-04-15T11:00:19.241Z,True,73598.0,2026-04-15 21:00:20.494,-1.0,-1.0,0.0,0.0,0.0,0.0,0.0,0.0,0.0,0.0,0.0,0.0,0.0,0.0,376.0,370.0,0.0,0.0,0.0,0.0,0.0,0.01,-0.02,0.0,0.0,-0.01,-0.01,0.0,335.0,333.0,0.02,0.0,0.0,0.0,0.0,-0.01,-0.01,0.0,0.0,0.0,0.0,-0.01,333.0,340.0,0.01,0.0,0.0,0.01,0.0,0.0,0.01,0.0,0.0,0.0,0.0,0.0,397.0,393.0,0.0,0.0,0.0,0.0,0.0,0.0,0.0,0.0,0.0,0.0,0.0,0.0,368.0,367.0,0.0,0.0,0.0,0.0,0.0,0.01,0.0,0.0,0.0,-0.01,0.0,0.0
2026-04-15 20:59:50,16,2026-04-15T11:00:19.342Z,True,73770.0,2026-04-15 21:00:20.963,-1.0,-1.0,0.0,0.0,0.0,0.0,0.0,0.0,0.0,0.0,0.0,0.0,0.0,0.0,381.0,376.0,0.0,0.0,0.0,0.0,0.0,-0.01,-0.02,0.0,0.0,-0.02,0.0,0.0,313.0,308.0,0.02,0.0,0.0,0.0,0.0,-0.01,-0.01,0.0,0.0,0.0,0.0,0.0,371.0,375.0,0.01,0.0,0.0,0.0,0.0,0.0,0.01,0.0,0.0,0.0,0.0,-0.01,405.0,398.0,0.0,0.0,0.0,0.0,0.0,0.01,0.0,0.0,0.0,0.0,0.0,0.0,396.0,392.0,0.0,0.0,0.0,0.0,0.0,-0.01,0.0,0.0,0.0,0.0,-0.01,0.0
2026-04-15 20:59:50,17,2026-04-15T11:00:19.442Z,True,73939.0,2026-04-15 21:00:21.002,-1.0,-1.0,0.0,0.0,0.0,0.0,0.0,0.0,0.0,0.0,0.0,0.0,0.0,0.0,367.0,366.0,0.0,0.0,0.0,0.0,0.0,0.0,-0.02,0.0,0.0,0.0,0.0,-0.01,315.0,308.0,0.02,0.0,0.0,0.01,0.0,0.0,-0.01,0.0,0.0,0.0,0.01,0.0,357.0,361.0,0.01,0.0,0.0,0.0,0.0,0.0,0.02,0.0,0.0,0.0,0.0,0.0,404.0,395.0,0.0,0.0,0.0,0.0,0.01,0.0,0.0,0.0,0.0,0.0,0.01,0.0,379.0,375.0,0.0,0.0,0.0,0.0,0.0,0.0,0.0,0.0,0.0,0.0,0.0,0.0
2026-04-15 20:59:50,18,2026-04-15T11:00:19.542Z,True,74109.0,2026-04-15 21:00:21.493,-1.0,-1.0,0.0,0.0,0.0,0.0,0.0,0.0,0.0,0.0,0.0,0.0,0.0,0.0,383.0,378.0,0.0,0.0,0.0,0.0,0.0,0.0,-0.02,0.0,0.0,0.02,0.01,0.0,357.0,351.0,0.02,0.0,0.0,0.0,0.0,0.0,-0.01,0.0,0.0,0.01,0.0,0.0,382.0,384.0,0.01,0.0,0.0,0.0,0.0,0.0,0.02,0.0,0.0,0.0,0.0,0.0,409.0,406.0,0.0,0.0,0.0,0.0,0.01,0.0,0.0,0.0,0.0,0.0,0.0,0.0,393.0,391.0,0.0,0.0,0.0,-0.01,0.0,0.01,0.0,0.0,0.0,-0.01,0.0,0.0
2026-04-15 20:59:50,19,2026-04-15T11:00:19.642Z,True,74277.0,2026-04-15 21:00:21.493,-1.0,-1.0,0.0,0.0,0.0,0.0,0.0,0.0,0.0,0.0,0.0,0.0,0.0,0.0,371.0,364.0,0.0,0.0,0.0,0.0,0.0,0.01,-0.02,0.0,0.0,0.02,0.0,0.0,325.0,319.0,0.02,0.0,0.0,0.0,0.0,0.0,-0.01,0.0,0.0,0.0,0.0,0.0,375.0,375.0,0.01,0.0,0.0,0.0,0.0,-0.01,0.02,0.0,0.0,0.01,0.0,-0.01,403.0,395.0,0.0,0.0,0.0,0.0,0.01,0.0,0.0,0.0,0.0,0.0,0.0,-0.01,372.0,365.0,0.0,0.0,0.0,0.0,-0.01,0.0,0.0,0.0,0.0,0.0,0.01,0.0
2026-04-15 20:59:50,20,2026-04-15T11:00:19.743Z,True,74445.0,2026-04-15 21:00:21.579,-1.0,-1.0,0.0,0.0,0.0,0.0,0.0,0.0,0.0,0.0,0.0,0.0,0.0,0.0,371.0,360.0,0.0,0.0,0.0,0.0,0.0,0.0,-0.02,0.0,0.0,0.02,0.01,0.0,331.0,330.0,0.02,0.0,0.0,0.0,0.0,-0.01,-0.01,0.0,0.0,0.01,0.0,-0.01,373.0,376.0,0.01,0.0,0.0,0.0,0.0,-0.01,0.02,0.0,0.0,0.0,0.0,-0.01,396.0,392.0,0.0,0.0,0.0,0.0,0.0,0.01,0.0,0.0,0.0,0.0,0.0,0.0,391.0,389.0,0.0,0.0,0.0,0.0,0.0,0.0,0.0,0.0,0.0,0.0,0.0,0.0
2026-04-15 20:59:50,21,2026-04-15T11:00:19.843Z,True,74608.0,2026-04-15 21:00:21.585,-1.0,-1.0,0.0,0.0,0.0,0.0,0.0,0.0,0.0,0.0,0.0,0.0,0.0,0.0,368.0,362.0,0.0,0.0,0.0,0.0,0.0,-0.01,-0.02,0.0,0.0,0.01,0.01,0.0,334.0,327.0,0.02,0.0,0.0,0.0,0.0,-0.01,-0.01,0.0,0.0,0.0,0.0,0.0,381.0,382.0,0.01,0.0,0.0,0.0,0.0,0.0,0.02,0.0,0.0,0.01,0.0,0.0,397.0,394.0,0.0,0.0,0.0,0.0,0.0,0.0,0.0,0.0,0.0,-0.01,0.01,0.0,376.0,367.0,0.0,0.0,0.0,-0.01,0.0,0.0,0.0,0.0,0.0,0.0,0.0,0.0
2026-04-15 20:59:50,22,2026-04-15T11:00:19.944Z,True,74859.0,2026-04-15 21:00:21.850,-1.0,-1.0,0.0,0.0,0.0,0.0,0.0,0.0,0.0,0.0,0.0,0.0,0.0,0.0,379.0,373.0,0.0,0.0,0.0,0.0,-0.01,0.0,-0.02,0.0,0.0,0.0,0.01,0.0,312.0,307.0,0.02,0.0,0.0,-0.01,0.01,0.01,-0.01,0.0,0.0,0.0,0.0,-0.01,373.0,375.0,0.01,0.0,0.0,0.0,0.0,0.0,0.02,0.0,0.0,0.0,0.01,0.0,393.0,389.0,0.0,0.0,0.0,0.0,0.01,0.01,0.0,0.0,0.0,0.0,0.01,0.0,359.0,357.0,0.0,0.0,0.0,0.0,0.0,0.0,0.0,0.0,0.0,0.0,0.0,0.01
2026-04-15 20:59:50,23,2026-04-15T11:00:20.044Z,True,75130.0,2026-04-15 21:00:22.416,-1.0,-1.0,0.0,0.0,0.0,0.0,0.0,0.0,0.0,0.0,0.0,0.0,0.0,0.0,372.0,363.0,0.0,0.0,0.0,0.0,0.0,0.0,-0.02,0.0,0.0,0.0,0.0,0.0,332.0,307.0,0.02,0.0,0.0,0.0,0.0,-0.01,-0.01,0.0,0.0,-0.01,0.0,0.0,365.0,371.0,0.01,0.0,0.0,0.0,0.0,-0.01,0.02,0.0,0.0,0.0,0.0,-0.01,409.0,405.0,0.0,0.0,0.0,0.0,0.0,0.0,0.0,0.0,0.0,0.0,0.0,0.01,377.0,377.0,0.0,0.0,0.0,0.0,0.0,-0.01,0.0,0.0,0.0,0.0,0.01,0.0
2026-04-15 20:59:50,24,2026-04-15T11:00:20.145Z,True,75393.0,2026-04-15 21:00:22.621,-1.0,-1.0,0.0,0.0,0.0,0.0,0.0,0.0,0.0,0.0,0.0,0.0,0.0,0.0,366.0,359.0,0.0,0.0,0.0,0.01,0.0,0.0,-0.02,0.0,0.0,0.0,0.01,0.0,348.0,338.0,0.02,0.0,0.0,0.0,0.0,-0.01,-0.01,0.0,0.0,0.0,0.0,0.0,367.0,368.0,0.01,0.0,0.0,0.0,0.0,0.0,0.02,0.0,0.0,0.0,0.0,0.0,398.0,395.0,0.0,0.0,0.0,0.0,0.0,0.0,0.0,0.0,0.0,0.0,-0.01,0.0,379.0,377.0,0.0,0.0,0.0,0.0,0.0,0.0,0.0,0.0,0.0,0.0,0.0,0.0
2026-04-15 20:59:50,25,2026-04-15T11:00:20.245Z,True,75633.0,2026-04-15 21:00:22.823,-1.0,-1.0,0.0,0.0,0.0,0.0,0.0,0.0,0.0,0.0,0.0,0.0,0.0,0.0,371.0,363.0,0.0,0.0,0.0,0.0,0.0,0.0,-0.02,0.0,0.0,-0.02,0.0,0.0,320.0,319.0,0.02,0.0,0.0,0.0,0.01,0.0,-0.01,0.0,0.0,-0.01,0.01,0.01,371.0,376.0,0.01,0.0,0.0,0.0,0.0,0.0,0.02,0.0,0.0,0.0,0.0,0.0,181.0,163.0,0.0,0.0,0.0,0.0,0.0,0.0,0.0,0.0,0.0,0.0,0.0,-0.01,375.0,371.0,0.0,0.0,0.0,0.0,0.0,0.01,0.0,0.0,0.0,0.0,0.0,0.0
2026-04-15 20:59:50,26,2026-04-15T11:00:20.345Z,True,75855.0,2026-04-15 21:00:22.913,-1.0,-1.0,0.0,0.0,0.0,0.0,0.0,0.0,0.0,0.0,0.0,0.0,0.0,0.0,364.0,359.0,0.0,0.0,0.0,0.0,0.0,-0.01,-0.02,0.0,0.0,0.0,0.0,0.0,331.0,320.0,0.02,0.0,0.0,0.0,0.0,0.0,-0.01,0.0,0.0,0.0,0.0,-0.01,368.0,375.0,0.01,0.0,0.0,0.0,0.01,0.0,0.02,0.0,0.0,0.0,0.0,-0.01,354.0,348.0,0.0,0.0,0.0,0.0,0.01,0.0,0.0,0.0,0.0,0.0,0.01,0.0,373.0,367.0,0.0,0.0,0.0,0.0,0.0,0.01,0.01,0.0,0.0,0.0,0.0,0.0
2026-04-15 20:59:50,27,2026-04-15T11:00:20.446Z,True,76065.0,2026-04-15 21:00:22.990,-1.0,-1.0,0.0,0.0,0.0,0.0,0.0,0.0,0.0,0.0,0.0,0.0,0.0,0.0,375.0,362.0,0.0,0.0,0.0,0.0,0.0,0.0,-0.02,0.0,0.0,-0.02,-0.01,0.01,339.0,334.0,0.02,0.0,0.0,0.0,0.0,0.0,-0.01,0.0,0.0,0.0,0.0,0.01,371.0,371.0,0.01,0.0,0.0,-0.01,0.0,0.0,0.02,0.0,0.0,-0.01,0.0,0.0,374.0,367.0,0.0,0.0,0.0,0.01,0.0,0.0,0.0,0.0,0.0,0.0,0.0,0.0,342.0,334.0,0.0,0.0,0.0,0.0,0.0,0.0,0.01,0.0,0.0,-0.01,0.0,0.0
2026-04-15 20:59:50,28,2026-04-15T11:00:20.548Z,True,76269.0,2026-04-15 21:00:23.259,-1.0,-1.0,0.0,0.0,0.0,0.0,0.0,0.0,0.0,0.0,0.0,0.0,0.0,0.0,371.0,359.0,0.0,0.0,0.0,0.0,0.0,0.0,-0.02,0.0,0.0,-0.01,0.0,0.01,332.0,331.0,0.02,0.0,0.0,0.0,0.0,0.0,-0.01,0.0,0.0,0.0,0.01,0.0,360.0,367.0,0.01,0.0,0.0,0.0,0.0,0.0,0.02,0.0,0.0,0.0,0.0,-0.01,381.0,377.0,0.0,0.0,0.0,0.01,0.01,-0.01,0.0,0.0,0.0,0.0,0.0,0.0,376.0,371.0,0.0,0.0,0.0,0.0,0.0,0.0,0.01,0.0,0.0,0.0,0.0,0.0
2026-04-15 20:59:50,29,2026-04-15T11:00:20.648Z,True,76464.0,2026-04-15 21:00:23.378,-1.0,-1.0,0.0,0.0,0.0,0.0,0.0,0.0,0.0,0.0,0.0,0.0,0.0,0.0,359.0,349.0,0.0,0.0,0.0,0.0,0.0,0.0,-0.02,0.0,0.0,0.0,0.01,-0.01,314.0,311.0,0.02,0.0,0.0,-0.01,0.0,0.0,-0.01,0.0,0.0,-0.01,0.01,0.0,363.0,366.0,0.01,0.0,0.0,0.0,0.0,0.0,0.02,0.0,0.0,0.0,0.0,-0.01,398.0,393.0,0.0,0.0,0.0,0.0,0.0,0.0,0.0,0.0,0.0,-0.01,0.0,0.01,355.0,357.0,0.0,0.0,0.0,0.0,-0.01,0.0,0.01,0.0,0.0,0.0,-0.01,0.0
2026-04-15 20:59:50,30,2026-04-15T11:00:20.748Z,True,76654.0,2026-04-15 21:00:23.562,-1.0,-1.0,0.0,0.0,0.0,0.0,0.0,0.0,0.0,0.0,0.0,0.0,0.0,0.0,347.0,341.0,0.0,0.0,0.0,0.0,0.0,-0.01,-0.02,0.0,0.0,-0.02,0.0,0.0,327.0,317.0,0.02,0.0,0.0,0.0,0.01,0.0,-0.01,0.0,0.0,0.0,0.01,-0.01,346.0,351.0,0.01,0.0,0.0,0.0,0.0,0.01,0.02,0.0,0.0,0.0,0.0,0.0,381.0,373.0,0.0,0.0,0.0,0.0,0.01,0.0,0.0,0.0,0.0,0.0,0.0,0.0,364.0,361.0,-0.01,0.0,0.0,-0.01,0.0,0.0,0.01,0.0,0.0,0.0,0.01,0.0
2026-04-15 20:59:50,31,2026-04-15T11:00:20.849Z,True,76841.0,2026-04-15 21:00:23.743,-1.0,-1.0,0.0,0.0,0.0,0.0,0.0,0.0,0.0,0.0,0.0,0.0,0.0,0.0,340.0,333.0,0.0,0.0,0.0,0.0,0.0,0.0,-0.02,0.0,0.0,0.02,0.01,0.0,319.0,319.0,0.02,0.0,0.0,-0.01,0.0,0.0,-0.01,0.0,0.0,0.0,0.0,-0.01,364.0,368.0,0.01,0.0,0.0,-0.01,0.0,-0.01,0.02,0.0,0.0,-0.01,0.0,-0.01,384.0,381.0,0.0,0.0,0.0,0.0,0.0,0.0,0.0,0.0,0.0,0.0,0.0,0.01,333.0,334.0,-0.01,0.0,0.0,0.0,0.0,0.01,0.01,0.0,0.0,0.0,0.0,0.0
2026-04-15 20:59:50,32,2026-04-15T11:00:20.949Z,True,77021.0,2026-04-15 21:00:23.921,-1.0,-1.0,0.0,0.0,0.0,0.0,0.0,0.0,0.0,0.0,0.0,0.0,0.0,0.0,346.0,345.0,0.0,0.0,0.0,0.0,0.0,0.0,-0.02,0.0,0.0,-0.02,0.0,0.0,331.0,326.0,0.02,0.0,0.0,0.0,0.0,0.0,-0.01,0.0,0.0,0.01,0.0,0.0,313.0,319.0,0.01,0.0,0.0,0.01,0.0,0.0,0.02,0.0,0.0,0.0,0.01,0.0,381.0,382.0,0.0,0.0,0.0,-0.01,0.01,0.0,0.0,0.0,0.0,0.0,0.01,0.0,383.0,380.0,-0.01,0.0,0.0,0.0,0.0,0.0,0.01,0.0,0.0,0.0,0.01,0.01
2026-04-15 20:59:50,33,2026-04-15T11:00:21.050Z,True,77199.0,2026-04-15 21:00:24.133,-1.0,-1.0,0.0,0.0,0.0,0.0,0.0,0.0,0.0,0.0,0.0,0.0,0.0,0.0,375.0,373.0,0.0,0.0,0.0,0.0,0.0,-0.01,-0.02,0.0,0.0,0.02,0.01,0.0,370.0,365.0,0.02,0.0,0.0,0.0,0.0,0.0,-0.01,0.0,0.0,0.0,0.0,0.0,441.0,440.0,0.01,0.0,0.0,0.0,0.01,-0.01,0.02,0.0,0.0,-0.01,0.01,-0.01,508.0,505.0,0.0,0.0,0.0,0.0,0.0,0.0,0.0,0.0,0.0,0.0,0.0,0.0,476.0,473.0,-0.01,0.0,0.0,0.0,-0.01,-0.01,0.01,0.0,0.0,0.01,-0.01,0.01
2026-04-15 20:59:50,34,2026-04-15T11:00:21.150Z,True,77372.0,2026-04-15 21:00:24.267,-1.0,-1.0,0.0,0.0,0.0,0.0,0.0,0.0,0.0,0.0,0.0,0.0,0.0,0.0,504.0,502.0,0.0,0.0,0.0,0.0,0.0,0.0,-0.02,0.0,0.0,0.02,0.0,-0.01,474.0,471.0,0.02,0.0,0.0,0.01,0.0,0.0,-0.01,0.0,0.0,-0.01,0.01,0.0,478.0,474.0,0.01,0.0,0.0,0.01,0.01,0.0,0.02,0.0,0.0,-0.01,0.0,0.0,492.0,487.0,0.0,0.0,0.0,-0.01,0.01,0.0,0.0,0.0,0.0,0.01,0.01,0.0,435.0,435.0,-0.01,0.0,0.0,0.0,0.0,0.0,0.01,0.0,0.0,0.0,0.01,-0.01
2026-04-15 20:59:50,35,2026-04-15T11:00:21.251Z,True,77547.0,2026-04-15 21:00:24.551,-1.0,-1.0,0.0,0.0,0.0,0.0,0.0,0.0,0.0,0.0,0.0,0.0,0.0,0.0,402.0,399.0,0.0,0.0,0.0,0.0,-0.01,0.0,-0.02,0.0,0.0,-0.02,0.0,0.0,363.0,359.0,0.02,0.0,0.0,0.0,0.0,0.0,-0.01,0.0,0.0,0.0,0.0,0.0,392.0,395.0,0.01,0.0,0.0,0.0,0.0,0.0,0.02,0.0,0.0,0.0,0.0,0.0,359.0,355.0,0.0,0.0,0.0,0.0,0.0,0.0,0.0,0.0,0.0,0.0,0.0,0.0,419.0,413.0,-0.01,0.0,0.0,0.0,-0.01,0.01,0.01,0.0,0.0,-0.01,0.0,0.01
2026-04-15 20:59:50,36,2026-04-15T11:00:21.351Z,True,77720.0,2026-04-15 21:00:24.653,-1.0,-1.0,0.0,0.0,0.0,0.0,0.0,0.0,0.0,0.0,0.0,0.0,0.0,0.0,392.0,379.0,0.0,0.0,0.0,0.0,0.0,0.0,-0.02,0.0,0.0,0.01,0.0,0.01,347.0,344.0,0.02,0.0,0.0,0.0,0.01,0.0,-0.01,0.0,0.0,0.0,0.0,0.0,368.0,373.0,0.01,0.0,0.0,0.01,0.01,0.02,0.02,0.0,0.0,0.01,0.0,-0.01,409.0,406.0,0.0,0.0,0.0,0.01,0.01,0.0,0.0,0.0,0.0,-0.02,0.01,0.0,373.0,367.0,-0.01,0.0,0.0,0.0,0.0,0.02,0.01,0.0,0.0,-0.03,0.0,0.0
2026-04-15 20:59:50,37,2026-04-15T11:00:21.452Z,True,77890.0,2026-04-15 21:00:24.783,-1.0,-1.0,0.0,0.0,0.0,0.0,0.0,0.0,0.0,0.0,0.0,0.0,0.0,0.0,382.0,375.0,0.0,0.0,0.0,0.0,0.01,0.01,-0.02,0.0,0.0,0.05,0.01,0.0,329.0,319.0,0.02,0.0,0.0,0.02,-0.01,0.01,-0.01,0.0,0.0,-0.01,0.02,0.04,347.0,360.0,0.01,0.0,0.0,-0.01,0.0,0.02,0.02,0.0,0.0,0.0,0.02,-0.01,391.0,381.0,0.0,0.0,0.0,-0.01,0.0,-0.02,0.0,0.0,0.0,0.02,-0.01,0.0,393.0,382.0,-0.01,0.0,0.0,-0.01,0.0,0.0,0.01,0.0,0.0,0.0,-0.01,-0.01
2026-04-15 20:59:50,38,2026-04-15T11:00:21.552Z,True,78061.0,2026-04-15 21:00:25.280,-1.0,-1.0,0.0,0.0,0.0,0.0,0.0,0.0,0.0,0.0,0.0,0.0,0.0,0.0,366.0,359.0,0.0,0.0,0.0,0.01,0.0,-0.02,-0.02,0.0,0.0,0.0,0.0,0.01,331.0,330.0,0.02,0.0,0.0,0.0,0.0,0.0,-0.01,0.0,0.0,-0.01,0.0,-0.01,353.0,358.0,0.01,0.0,0.0,0.01,0.01,-0.01,0.02,0.0,0.0,0.01,0.01,0.01,409.0,408.0,0.0,0.0,0.0,0.01,0.0,0.01,0.0,0.0,0.0,0.0,0.01,0.01,376.0,371.0,-0.01,0.0,0.0,0.0,0.01,0.01,0.01,0.0,0.0,0.01,0.01,0.0
2026-04-15 20:59:50,39,2026-04-15T11:00:21.653Z,True,78233.0,2026-04-15 21:00:25.300,-1.0,-1.0,0.0,0.0,0.0,0.0,0.0,0.0,0.0,0.0,0.0,0.0,0.0,0.0,381.0,373.0,0.0,0.0,0.0,-0.01,-0.01,0.01,-0.02,0.0,0.0,-0.03,0.0,-0.01,299.0,293.0,0.02,0.0,0.0,0.02,0.01,-0.01,-0.01,0.0,0.0,0.04,0.01,0.02,367.0,372.0,0.01,0.0,0.0,0.04,-0.02,0.02,0.02,0.0,0.0,0.02,-0.01,-0.01,393.0,390.0,0.0,0.0,0.0,0.01,-0.01,0.0,0.0,0.0,0.0,-0.05,0.02,0.04,375.0,373.0,-0.01,0.0,0.0,-0.01,-0.01,0.03,0.01,0.0,0.0,0.0,0.0,-0.02
2026-04-15 20:59:50,40,2026-04-15T11:00:21.753Z,True,78407.0,2026-04-15 21:00:25.348,-1.0,-1.0,0.0,0.0,0.0,0.0,0.0,0.0,0.0,0.0,0.0,0.0,0.0,0.0,368.0,364.0,0.0,0.0,0.0,0.0,0.0,0.04,-0.02,0.0,0.0,0.02,0.01,-0.01,348.0,341.0,0.02,0.0,0.0,-0.01,0.0,-0.01,-0.01,0.0,0.0,-0.01,0.0,0.01,364.0,371.0,0.01,0.0,0.0,-0.02,0.01,-0.03,0.02,0.0,0.0,-0.02,-0.01,-0.01,405.0,403.0,0.0,0.0,0.0,0.0,-0.01,-0.03,0.0,0.0,0.0,0.0,0.0,-0.02,389.0,379.0,-0.01,0.0,0.0,-0.01,0.01,0.02,0.01,0.0,0.0,-0.02,0.01,0.0
2026-04-15 20:59:50,41,2026-04-15T11:00:21.853Z,True,78578.0,2026-04-15 21:00:25.572,-1.0,-1.0,0.0,0.0,0.0,0.0,0.0,0.0,0.0,0.0,0.0,0.0,0.0,0.0,365.0,360.0,0.0,0.0,0.0,0.03,0.0,0.0,-0.02,0.0,0.0,0.02,0.01,0.01,326.0,315.0,0.02,0.0,0.0,-0.02,0.0,0.01,-0.01,0.0,0.0,-0.03,0.01,0.01,358.0,360.0,0.01,0.0,-0.01,-0.03,0.02,-0.02,0.02,0.0,0.0,0.0,0.0,0.0,392.0,383.0,0.0,0.0,0.0,0.03,0.0,-0.01,0.0,0.0,0.0,0.03,0.01,-0.01,373.0,365.0,-0.01,0.0,0.0,0.0,0.0,-0.01,0.01,0.0,0.0,0.0,0.0,0.02
2026-04-15 20:59:50,42,2026-04-15T11:00:21.954Z,True,78749.0,2026-04-15 21:00:25.983,-1.0,-1.0,0.0,0.0,0.0,0.0,0.0,0.0,0.0,0.0,0.0,0.0,0.0,0.0,368.0,367.0,0.0,0.0,0.0,0.0,-0.01,-0.01,-0.02,0.0,0.0,0.01,-0.02,0.0,347.0,344.0,0.02,0.0,0.0,0.01,0.0,-0.01,-0.01,0.0,0.0,0.0,0.0,-0.01,362.0,366.0,0.01,0.0,0.0,-0.01,0.01,0.0,0.02,0.0,0.0,0.01,0.01,0.0,393.0,383.0,0.0,0.0,0.0,0.02,0.01,0.0,0.0,0.0,0.0,0.01,0.0,-0.01,373.0,371.0,-0.01,0.0,0.0,0.01,0.0,0.0,0.01,0.0,0.0,-0.01,0.0,0.01
2026-04-15 20:59:50,43,2026-04-15T11:00:22.055Z,True,78918.0,2026-04-15 21:00:25.983,-1.0,-1.0,0.0,0.0,0.0,0.0,0.0,0.0,0.0,0.0,0.0,0.0,0.0,0.0,382.0,371.0,0.0,0.0,0.0,-0.02,0.0,0.0,-0.02,0.0,0.0,-0.01,-0.01,-0.01,341.0,339.0,0.02,0.0,0.0,0.02,0.01,-0.01,-0.01,0.0,0.0,0.03,0.0,0.0,347.0,355.0,0.01,0.0,0.0,0.01,0.01,0.0,0.02,0.0,0.0,-0.01,0.0,0.0,394.0,389.0,0.0,0.0,0.0,-0.02,-0.01,0.01,0.0,0.0,0.0,-0.01,0.0,0.01,378.0,374.0,-0.01,0.0,0.0,0.0,-0.01,0.0,0.01,0.0,0.0,-0.01,-0.01,-0.01
2026-04-15 20:59:50,44,2026-04-15T11:00:22.155Z,True,79089.0,2026-04-15 21:00:25.990,-1.0,-1.0,0.0,0.0,0.0,0.0,0.0,0.0,0.0,0.0,0.0,0.0,0.0,0.0,384.0,379.0,0.0,0.0,0.0,-0.01,0.0,0.0,-0.02,0.0,0.0,-0.01,0.0,0.01,358.0,355.0,0.02,0.0,0.0,0.01,0.01,0.0,-0.01,0.0,0.0,0.02,0.01,-0.01,367.0,373.0,0.01,0.0,0.0,0.01,0.0,0.01,0.02,0.0,0.0,-0.01,0.01,0.0,389.0,379.0,0.0,0.0,0.0,-0.01,0.0,0.0,0.0,0.0,0.0,-0.02,0.0,0.0,380.0,377.0,-0.01,0.0,0.0,0.0,0.0,0.01,0.01,0.0,0.0,0.0,0.0,-0.01
2026-04-15 20:59:50,45,2026-04-15T11:00:22.255Z,True,79258.0,2026-04-15 21:00:26.284,-1.0,-1.0,0.0,0.0,0.0,0.0,0.0,0.0,0.0,0.0,0.0,0.0,0.0,0.0,348.0,335.0,0.0,0.0,0.0,0.01,0.0,0.0,-0.02,0.0,0.0,-0.01,0.01,0.0,343.0,339.0,0.02,0.0,0.0,-0.01,0.0,0.01,-0.01,0.0,0.0,0.0,0.0,-0.01,363.0,364.0,0.01,0.0,0.0,0.0,0.0,-0.02,0.02,0.0,0.0,-0.01,0.0,-0.01,397.0,393.0,0.0,0.0,0.0,-0.01,0.0,0.01,0.0,0.0,0.0,0.0,0.01,0.01,378.0,375.0,-0.01,0.0,0.0,0.0,0.0,-0.01,0.01,0.0,0.0,0.01,0.01,0.0
2026-04-15 20:59:50,46,2026-04-15T11:00:22.356Z,True,79428.0,2026-04-15 21:00:26.457,-1.0,-1.0,0.0,0.0,0.0,0.0,0.0,0.0,0.0,0.0,0.0,0.0,0.0,0.0,368.0,361.0,0.0,0.0,0.0,0.01,0.0,-0.01,-0.02,0.0,0.0,0.02,0.0,-0.01,325.0,319.0,0.02,0.0,0.0,0.0,0.0,0.0,-0.01,0.0,0.0,-0.02,0.01,0.0,364.0,367.0,0.01,0.0,0.0,-0.01,0.01,0.0,0.02,0.0,0.0,0.01,0.0,-0.01,395.0,391.0,0.0,0.0,0.0,0.02,0.01,-0.01,0.0,0.0,0.0,0.01,0.01,-0.01,367.0,366.0,-0.01,0.0,0.0,0.0,0.0,0.01,0.01,0.0,0.0,-0.01,0.0,0.01
2026-04-15 20:59:50,47,2026-04-15T11:00:22.456Z,True,79595.0,2026-04-15 21:00:26.508,-1.0,-1.0,0.0,0.0,0.0,0.0,0.0,0.0,0.0,0.0,0.0,0.0,0.0,0.0,393.0,379.0,0.0,0.0,0.0,-0.01,-0.01,0.0,-0.02,0.0,0.0,0.01,0.0,0.0,371.0,363.0,0.02,0.0,0.0,0.0,-0.01,-0.01,-0.01,0.0,0.0,0.0,0.0,0.0,344.0,354.0,0.01,0.0,0.0,0.0,0.01,0.01,0.02,0.0,0.0,0.0,0.0,-0.01,381.0,378.0,0.0,0.0,0.0,0.0,0.0,0.0,0.0,0.0,0.0,0.0,0.0,-0.01,379.0,375.0,-0.01,0.0,0.0,-0.01,0.0,0.0,0.01,0.0,0.0,-0.01,0.0,0.01
2026-04-15 20:59:50,48,2026-04-15T11:00:22.557Z,True,79764.0,2026-04-15 21:00:26.664,-1.0,-1.0,0.0,0.0,0.0,0.0,0.0,0.0,0.0,0.0,0.0,0.0,0.0,0.0,298.0,291.0,0.0,0.0,0.0,0.0,0.0,0.0,-0.02,0.0,0.0,0.0,0.0,0.01,363.0,354.0,0.02,0.0,0.0,0.01,0.01,0.0,-0.01,0.0,0.0,0.01,0.01,0.0,332.0,338.0,0.01,0.0,0.0,0.0,0.01,0.01,0.02,0.0,0.0,0.0,0.01,0.01,377.0,372.0,0.0,0.0,0.0,0.0,0.01,0.0,0.0,0.0,0.0,-0.01,0.0,0.0,367.0,363.0,-0.01,0.0,0.0,0.0,-0.01,0.0,0.01,0.0,0.0,-0.01,0.0,0.0
2026-04-15 20:59:50,49,2026-04-15T11:00:22.657Z,True,79935.0,2026-04-15 21:00:27.020,-1.0,-1.0,0.0,0.0,0.0,0.0,0.0,0.0,0.0,0.0,0.0,0.0,0.0,0.0,339.0,333.0,0.0,0.0,0.0,0.0,0.0,0.0,-0.02,0.0,0.0,-0.01,-0.01,0.0,351.0,341.0,0.02,0.0,0.0,0.01,0.0,0.0,-0.01,0.0,0.0,0.0,0.0,0.0,362.0,365.0,0.01,0.0,0.0,0.0,0.0,-0.01,0.02,0.0,0.0,-0.01,0.01,0.0,375.0,371.0,0.0,0.0,0.0,-0.01,0.0,0.01,0.0,0.0,0.0,-0.01,0.0,0.01,372.0,365.0,-0.01,0.0,0.0,0.0,0.0,0.0,0.01,0.0,0.0,0.0,0.0,0.0
2026-04-15 20:59:50,50,2026-04-15T11:00:22.758Z,True,80106.0,2026-04-15 21:00:27.328,-1.0,-1.0,0.0,0.0,0.0,0.0,0.0,0.0,0.0,0.0,0.0,0.0,0.0,0.0,344.0,339.0,0.0,0.0,0.0,0.01,0.01,0.01,-0.02,0.0,0.0,-0.02,0.0,0.0,332.0,328.0,0.02,0.0,0.0,0.0,0.0,0.0,-0.01,0.0,0.0,0.0,0.0,0.0,354.0,355.0,0.01,0.0,0.0,0.0,0.0,-0.01,0.02,0.0,0.0,0.0,0.01,0.0,397.0,391.0,0.0,0.0,0.0,0.0,0.01,0.0,0.0,0.0,0.0,0.0,0.01,0.0,364.0,361.0,-0.01,0.0,0.0,0.01,0.0,0.0,0.01,0.0,0.0,0.0,0.0,0.0
2026-04-15 20:59:50,51,2026-04-15T11:00:22.858Z,True,80275.0,2026-04-15 21:00:27.435,-1.0,-1.0,0.0,0.0,0.0,0.0,0.0,0.0,0.0,0.0,0.0,0.0,0.0,0.0,374.0,371.0,0.0,0.0,0.0,-0.01,-0.01,0.0,-0.02,0.0,0.0,-0.01,0.0,0.0,359.0,351.0,0.02,0.0,0.0,-0.01,-0.01,-0.01,-0.01,0.0,0.0,0.0,0.0,-0.01,389.0,390.0,0.03,0.01,0.05,-0.16,-1.29,0.04,0.03,0.02,0.0,0.26,0.41,0.52,396.0,393.0,0.0,0.0,0.0,0.01,0.01,-0.01,0.0,0.0,0.0,0.0,0.01,-0.01,375.0,373.0,-0.01,0.0,0.0,0.0,0.01,0.0,0.01,0.0,0.0,0.01,0.0,0.0
2026-04-15 20:59:50,52,2026-04-15T11:00:22.959Z,True,80444.0,2026-04-15 21:00:27.443,-1.0,-1.0,0.0,0.0,0.0,0.0,0.0,0.0,0.0,0.0,0.0,0.0,0.0,0.0,357.0,345.0,0.0,0.0,0.0,-0.02,-0.02,-0.06,-0.02,0.0,0.0,0.0,-0.01,0.0,328.0,315.0,0.02,0.0,0.0,-0.01,-0.01,0.01,-0.01,0.0,0.0,0.0,0.0,0.0,361.0,357.0,0.28,0.04,0.51,-0.1,-0.71,0.11,0.19,0.15,0.18,-0.21,0.1,-0.12,415.0,412.0,0.0,0.0,0.0,0.0,0.0,0.0,0.0,0.0,0.0,0.0,-0.01,0.0,429.0,423.0,-0.01,0.0,0.0,0.0,-0.01,-0.01,0.01,0.0,0.0,-0.01,-0.01,0.0
2026-04-15 20:59:50,53,2026-04-15T11:00:23.059Z,True,80714.0,2026-04-15 21:00:27.942,-1.0,-1.0,0.0,0.0,0.0,0.0,0.0,0.0,0.0,0.0,0.0,0.0,0.0,0.0,395.0,392.0,-0.01,0.0,0.0,-0.04,0.0,-0.01,-0.02,0.0,0.0,-0.01,0.01,0.01,351.0,348.0,0.02,0.0,0.0,0.02,0.01,-0.01,0.03,-0.01,-0.01,0.09,-0.04,0.19,421.0,423.0,0.18,-0.06,0.18,0.02,-0.18,-0.05,0.21,-0.04,0.12,-0.01,-0.12,-0.03,475.0,471.0,0.0,0.0,0.0,0.0,0.0,0.0,0.0,0.0,0.0,0.0,-0.01,-0.03,455.0,453.0,0.0,0.0,0.0,0.0,0.0,0.0,0.01,0.0,0.0,0.04,0.0,0.01
2026-04-15 20:59:50,54,2026-04-15T11:00:23.160Z,True,80983.0,2026-04-15 21:00:28.053,-1.0,-1.0,0.0,0.0,0.0,0.0,0.0,0.0,0.0,0.0,0.0,0.0,0.0,0.0,335.0,329.0,-0.01,0.0,0.0,0.01,0.0,-0.03,-0.02,0.0,0.0,-0.03,-0.01,-0.01,229.0,223.0,0.03,0.0,0.0,0.05,-0.01,-0.03,0.05,-0.02,0.0,-0.34,0.07,0.01,205.0,217.0,0.16,-0.06,0.14,-0.02,-0.07,-0.02,0.21,-0.05,0.1,-0.04,-0.11,-0.02,381.0,378.0,0.02,0.03,0.04,0.36,0.34,-0.29,-0.05,0.08,0.04,0.36,-0.03,0.02,315.0,313.0,0.02,0.02,0.04,0.12,-0.12,-0.04,0.02,0.05,0.0,-0.02,-0.08,0.04
2026-04-15 20:59:50,55,2026-04-15T11:00:23.260Z,True,81226.0,2026-04-15 21:00:28.179,-1.0,-1.0,0.0,0.0,0.0,0.0,0.0,0.0,0.0,0.0,0.0,0.0,0.0,0.0,357.0,348.0,-0.01,-0.05,0.03,-0.05,-0.15,-0.05,0.01,-0.06,0.01,-0.04,-0.12,-0.07,343.0,339.0,0.16,-0.02,-0.14,0.03,-0.3,-0.12,0.13,0.01,-0.16,0.26,-0.18,-0.11,303.0,309.0,0.18,-0.29,0.05,-0.07,-0.25,-0.51,0.2,-0.32,0.08,-0.05,0.02,-0.35,261.0,252.0,0.02,0.04,-0.09,0.05,0.12,-0.15,-0.1,0.07,-0.14,0.2,0.3,0.46,268.0,265.0,-0.01,0.04,-0.03,0.01,-0.02,0.15,-0.01,0.03,-0.01,-0.18,0.01,0.02
2026-04-15 20:59:50,56,2026-04-15T11:00:23.360Z,True,81453.0,2026-04-15 21:00:28.547,-1.0,-1.0,0.0,0.0,0.0,0.0,0.0,0.0,0.0,0.0,0.0,0.0,0.0,0.0,424.0,413.0,-0.04,-0.06,0.01,0.05,0.0,0.03,-0.02,-0.06,-0.01,0.0,-0.02,0.05,391.0,383.0,0.11,0.04,-0.23,0.2,0.08,-0.24,0.01,0.03,-0.31,-0.04,-0.12,-0.17,341.0,345.0,0.17,-0.27,0.02,-0.03,-0.03,-0.42,0.19,-0.34,0.06,0.03,-0.09,-0.29,296.0,293.0,0.0,0.03,-0.2,-0.19,0.05,-0.07,-0.13,0.01,-0.37,0.05,0.61,0.8,337.0,335.0,0.06,0.17,-0.23,-0.18,0.21,0.34,-0.15,0.22,-0.31,0.23,0.25,0.05
2026-04-15 20:59:50,57,2026-04-15T11:00:23.461Z,True,81671.0,2026-04-15 21:00:28.605,-1.0,-1.0,0.0,0.0,0.0,0.0,0.0,0.0,0.0,0.0,0.0,0.0,0.0,0.0,311.0,306.0,-0.03,-0.08,-0.03,0.02,0.03,-0.09,-0.02,-0.12,-0.04,-0.22,0.06,0.05,279.0,271.0,0.29,0.0,-0.8,0.08,-0.14,-0.16,0.16,0.02,-0.97,-0.16,0.02,0.14,219.0,229.0,0.23,-0.35,0.05,0.06,0.02,-0.37,0.24,-0.43,0.17,0.13,-0.1,-0.15,233.0,231.0,0.13,0.11,-0.93,0.09,-0.21,-0.48,-0.2,-0.11,-1.11,0.01,-0.6,-0.06,507.0,501.0,0.25,0.33,-0.86,0.25,-0.27,-0.45,-0.26,0.07,-0.83,0.11,-0.6,-0.44
2026-04-15 20:59:50,58,2026-04-15T11:00:23.561Z,True,81880.0,2026-04-15 21:00:28.962,-1.0,-1.0,0.0,0.0,0.0,0.0,0.0,0.0,0.0,0.0,0.0,0.0,0.0,0.0,766.0,751.0,-0.02,-0.16,-0.07,-0.38,0.2,-0.15,-0.08,-0.12,-0.04,-1.59,1.97,1.32,549.0,539.0,0.12,-0.05,-0.52,-0.12,-0.21,-0.2,0.01,-0.1,-0.47,0.1,-0.03,-0.22,343.0,350.0,0.11,-0.27,-0.13,-0.22,0.05,-0.77,0.08,-0.34,-0.04,0.03,0.05,-0.21,297.0,293.0,-0.01,0.08,-0.27,-0.01,0.07,0.05,-0.16,0.06,-0.38,0.04,0.12,0.34,350.0,354.0,-0.04,0.13,-0.14,-0.1,0.11,0.06,-0.1,0.12,-0.07,-0.05,0.23,0.09
2026-04-15 20:59:50,59,2026-04-15T11:00:23.662Z,True,82084.0,2026-04-15 21:00:29.003,-1.0,-1.0,0.0,0.0,0.0,0.0,0.0,0.0,0.0,0.0,0.0,0.0,0.0,0.0,245.0,239.0,-0.07,-0.05,-0.05,0.0,0.06,-0.02,-0.07,-0.06,-0.07,0.01,0.06,-0.07,276.0,265.0,-0.08,0.0,-0.06,-0.07,0.23,0.5,-0.1,-0.05,0.02,-0.23,0.55,0.9,356.0,359.0,0.08,-0.11,-0.13,0.03,0.06,-0.19,0.08,-0.18,-0.06,0.05,0.06,-0.16,356.0,349.0,-0.1,0.04,-0.04,-0.06,0.05,0.04,-0.18,0.04,-0.04,-0.39,0.06,0.29,345.0,348.0,-0.1,0.06,-0.05,-0.34,0.16,-0.06,-0.09,0.07,-0.01,0.28,0.01,-0.08
2026-04-15 20:59:50,60,2026-04-15T11:00:23.762Z,True,82279.0,2026-04-15 21:00:29.478,-1.0,-1.0,0.0,0.0,0.0,0.0,0.0,0.0,0.0,0.0,0.0,0.0,0.0,0.0,245.0,233.0,-0.09,-0.06,-0.04,0.02,0.1,-0.04,-0.08,-0.08,-0.06,0.05,0.04,-0.07,296.0,290.0,-0.13,-0.09,-0.05,-0.07,0.42,-0.03,-0.1,-0.16,0.02,-0.22,-0.22,0.06,41.0,61.0,0.09,-0.11,-0.13,0.0,0.12,-0.14,0.08,-0.21,-0.06,0.03,0.04,-0.17,281.0,274.0,0.03,0.12,-0.29,-0.06,-0.16,-0.12,-0.14,0.1,-0.49,-0.1,-0.04,0.26,237.0,235.0,0.07,0.22,-0.35,-0.11,-0.07,0.09,-0.16,0.19,-0.4,-0.09,0.16,0.21
2026-04-15 20:59:50,61,2026-04-15T11:00:23.864Z,True,82472.0,2026-04-15 21:00:29.569,-1.0,-1.0,0.0,0.0,0.0,0.0,0.0,0.0,0.0,0.0,0.0,0.0,0.0,0.0,201.0,191.0,-0.04,-0.12,-0.04,-0.19,0.12,-0.24,-0.04,-0.21,-0.04,-0.19,0.13,0.11,220.0,215.0,0.0,-0.37,-0.4,0.25,-0.15,-0.25,0.1,-0.37,-0.45,0.18,-0.26,-0.18,206.0,218.0,0.05,-0.21,-0.17,0.09,0.15,-0.26,0.01,-0.32,-0.11,0.05,0.1,-0.2,234.0,230.0,-0.02,-0.05,-0.91,0.1,-0.11,-0.24,-0.23,-0.2,-1.03,0.12,-0.03,0.19,267.0,266.0,0.12,0.16,-0.92,0.11,-0.01,-0.09,-0.35,-0.1,-0.9,-0.12,0.17,-0.09
2026-04-15 20:59:50,62,2026-04-15T11:00:23.964Z,True,82658.0,2026-04-15 21:00:29.575,-1.0,-1.0,0.0,0.0,0.0,0.0,0.0,0.0,0.0,0.0,0.0,0.0,0.0,0.0,403.0,391.0,0.15,-0.31,-0.05,0.31,0.01,-0.25,0.21,-0.35,-0.09,0.37,-0.1,-0.42,432.0,429.0,0.03,-0.47,-0.71,0.16,0.01,-0.77,0.17,-0.36,-0.72,0.09,-0.29,-0.44,729.0,714.0,0.04,-0.21,-0.24,0.09,0.13,-0.22,-0.02,-0.35,-0.15,-0.01,0.11,-0.28,999.0,1000.0,-0.03,-0.1,-1.02,0.1,-0.01,-0.55,-0.26,-0.25,-1.15,0.36,0.0,0.06,680.0,671.0,0.16,0.2,-0.88,0.11,-0.2,0.4,-0.31,-0.03,-0.86,0.74,0.01,0.71
2026-04-15 20:59:50,63,2026-04-15T11:00:24.064Z,True,82842.0,2026-04-15 21:00:29.932,-1.0,-1.0,0.0,0.0,0.0,0.0,0.0,0.0,0.0,0.0,0.0,0.0,0.0,0.0,325.0,318.0,-0.01,-0.16,0.0,-0.17,-0.22,-0.28,0.04,-0.16,-0.04,0.08,-0.04,-0.19,163.0,157.0,-0.01,-0.35,-0.23,0.04,0.16,0.1,0.12,-0.4,-0.2,0.29,0.22,0.28,311.0,316.0,0.03,-0.16,-0.2,-0.07,0.13,-0.32,0.01,-0.25,-0.1,0.03,0.03,-0.19,311.0,309.0,-0.04,-0.07,-0.71,-0.01,0.0,-0.09,-0.22,-0.14,-0.84,-0.02,0.35,0.24,293.0,294.0,0.08,0.16,-0.68,-0.03,0.11,-0.05,-0.27,0.04,-0.69,0.02,0.29,0.22
2026-04-15 20:59:50,64,2026-04-15T11:00:24.165Z,True,83026.0,2026-04-15 21:00:29.981,-1.0,-1.0,0.0,0.0,0.0,0.0,0.0,0.0,0.0,0.0,0.0,0.0,0.0,0.0,244.0,235.0,-0.02,-0.15,-0.01,0.05,0.07,-0.24,0.02,-0.2,-0.03,-0.11,0.03,-0.18,203.0,197.0,0.01,-0.49,-0.44,-0.17,0.19,-0.09,0.19,-0.46,-0.47,-0.2,0.37,0.11,207.0,217.0,0.04,-0.2,-0.18,0.02,0.06,-0.26,-0.01,-0.34,-0.09,0.01,0.05,-0.27,263.0,253.0,-0.05,-0.11,-1.22,0.08,-0.4,-0.28,-0.31,-0.32,-1.41,0.17,-1.01,0.48,319.0,316.0,0.17,0.15,-1.22,0.19,-0.53,-0.47,-0.34,-0.22,-1.19,0.1,-0.81,0.08
2026-04-15 20:59:50,65,2026-04-15T11:00:24.265Z,True,83209.0,2026-04-15 21:00:30.284,-1.0,-1.0,0.0,0.0,0.0,0.0,0.0,0.0,0.0,0.0,0.0,0.0,0.0,0.0,403.0,395.0,0.13,-0.24,-0.01,0.31,-0.37,-0.36,0.16,-0.26,-0.04,0.15,-0.38,-0.27,468.0,461.0,0.0,-0.46,-0.59,-0.1,-0.24,-0.29,0.11,-0.45,-0.57,-0.09,0.15,0.25,426.0,424.0,0.09,-0.25,-0.13,0.04,-0.07,-0.32,0.02,-0.37,-0.03,-0.03,-0.08,-0.33,547.0,543.0,-0.09,-0.08,-0.87,-0.25,0.18,-0.3,-0.25,-0.15,-0.88,-0.04,0.69,0.42,550.0,544.0,0.02,0.11,-0.85,-0.2,0.26,-0.16,-0.39,-0.08,-0.75,-0.1,0.35,0.24
2026-04-15 20:59:50,66,2026-04-15T11:00:24.367Z,True,83389.0,2026-04-15 21:00:30.291,-1.0,-1.0,0.0,0.0,0.0,0.0,0.0,0.0,0.0,0.0,0.0,0.0,0.0,0.0,216.0,213.0,-0.07,-0.19,-0.07,-0.11,0.13,-0.28,-0.03,-0.26,-0.1,-0.32,-0.06,-0.54,137.0,127.0,-0.08,-0.57,-0.51,-0.47,0.61,0.32,0.16,-0.56,-0.54,-0.21,1.02,0.71,207.0,217.0,0.06,-0.23,-0.18,0.02,0.18,-0.24,-0.01,-0.39,-0.07,0.09,0.12,-0.26,328.0,319.0,-0.16,-0.21,-1.23,0.0,-0.54,-0.77,-0.31,-0.33,-1.22,0.02,-0.6,-0.02,365.0,361.0,0.07,0.07,-1.15,0.33,-0.4,-0.36,-0.37,-0.21,-1.05,0.8,-1.76,-0.04
2026-04-15 20:59:50,67,2026-04-15T11:00:24.467Z,True,83568.0,2026-04-15 21:00:30.474,-1.0,-1.0,0.0,0.0,0.0,0.0,0.0,0.0,0.0,0.0,0.0,0.0,0.0,0.0,696.0,685.0,0.02,-0.24,-0.04,0.19,-0.25,-0.47,0.03,-0.29,-0.08,0.16,-0.15,-0.34,760.0,755.0,-0.17,-0.48,-0.52,0.01,0.0,-0.39,-0.07,-0.54,-0.47,-0.46,0.16,0.33,745.0,727.0,0.04,-0.19,-0.15,0.01,-0.13,-0.28,-0.02,-0.3,-0.06,-0.05,-0.06,-0.31,184.0,179.0,-0.04,0.05,-1.01,-0.01,0.15,0.33,-0.26,-0.17,-1.22,0.41,0.1,0.68,123.0,121.0,0.15,0.23,-1.19,-0.07,0.16,0.46,-0.48,-0.2,-1.11,0.28,-0.42,0.58
2026-04-15 20:59:50,68,2026-04-15T11:00:24.567Z,True,83748.0,2026-04-15 21:00:30.651,-1.0,-1.0,0.0,0.0,0.0,0.0,0.0,0.0,0.0,0.0,0.0,0.0,0.0,0.0,281.0,269.0,0.11,-0.28,-0.04,0.27,0.18,0.06,0.21,-0.32,-0.05,1.0,0.06,-0.03,269.0,267.0,0.09,-0.44,-0.79,0.8,-0.45,-0.82,0.24,-0.32,-0.79,0.66,-1.1,-0.62,427.0,429.0,0.09,-0.23,-0.15,0.02,-0.06,-0.44,0.01,-0.41,-0.03,-0.03,-0.14,-0.32,522.0,521.0,-0.19,-0.25,-1.12,0.23,-0.6,-0.36,-0.27,-0.29,-1.05,0.39,-0.2,0.2,535.0,529.0,0.0,0.05,-1.02,0.34,-0.34,-0.09,-0.4,-0.17,-0.85,0.55,0.02,-0.17
2026-04-15 20:59:50,69,2026-04-15T11:00:24.667Z,True,83927.0,2026-04-15 21:00:30.833,-1.0,-1.0,0.0,0.0,0.0,0.0,0.0,0.0,0.0,0.0,0.0,0.0,0.0,0.0,761.0,757.0,-0.12,-0.28,-0.08,0.22,-0.06,-0.43,-0.09,-0.33,-0.15,-0.08,-0.33,-0.46,207.0,202.0,-0.29,-0.63,-0.4,-0.79,0.19,0.45,-0.04,-0.64,-0.38,-0.86,0.89,0.96,120.0,137.0,0.03,-0.18,-0.15,-0.09,-0.1,-0.28,-0.03,-0.36,-0.07,0.1,0.1,-0.15,231.0,223.0,-0.05,-0.06,-1.39,0.0,-0.3,-0.02,-0.24,-0.24,-1.47,-0.11,-1.33,0.08,252.0,251.0,0.12,0.11,-1.35,0.4,-0.69,-0.91,-0.34,-0.27,-1.3,0.02,-0.55,-0.49
2026-04-15 20:59:50,70,2026-04-15T11:00:24.768Z,False,,,,,,,,,,,,,,,,,,,,,,,,,,,,,,,,,,,,,,,,,,,,,,,,,,,,,,,,,,,,,,,,,,,,,,,,,,,,,,,,,,,,,,
2026-04-15 20:59:50,71,2026-04-15T11:00:24.868Z,False,,,,,,,,,,,,,,,,,,,,,,,,,,,,,,,,,,,,,,,,,,,,,,,,,,,,,,,,,,,,,,,,,,,,,,,,,,,,,,,,,,,,,,
2026-04-15 20:59:50,72,2026-04-15T11:00:24.968Z,False,,,,,,,,,,,,,,,,,,,,,,,,,,,,,,,,,,,,,,,,,,,,,,,,,,,,,,,,,,,,,,,,,,,,,,,,,,,,,,,,,,,,,,
2026-04-15 20:59:50,73,2026-04-15T11:00:25.069Z,False,,,,,,,,,,,,,,,,,,,,,,,,,,,,,,,,,,,,,,,,,,,,,,,,,,,,,,,,,,,,,,,,,,,,,,,,,,,,,,,,,,,,,,
2026-04-15 20:59:50,74,2026-04-15T11:00:25.169Z,False,,,,,,,,,,,,,,,,,,,,,,,,,,,,,,,,,,,,,,,,,,,,,,,,,,,,,,,,,,,,,,,,,,,,,,,,,,,,,,,,,,,,,,
2026-04-15 20:59:50,75,2026-04-15T11:00:25.270Z,False,,,,,,,,,,,,,,,,,,,,,,,,,,,,,,,,,,,,,,,,,,,,,,,,,,,,,,,,,,,,,,,,,,,,,,,,,,,,,,,,,,,,,,
2026-04-15 20:59:50,76,2026-04-15T11:00:25.371Z,False,,,,,,,,,,,,,,,,,,,,,,,,,,,,,,,,,,,,,,,,,,,,,,,,,,,,,,,,,,,,,,,,,,,,,,,,,,,,,,,,,,,,,,
2026-04-15 20:59:50,77,2026-04-15T11:00:25.471Z,False,,,,,,,,,,,,,,,,,,,,,,,,,,,,,,,,,,,,,,,,,,,,,,,,,,,,,,,,,,,,,,,,,,,,,,,,,,,,,,,,,,,,,,
2026-04-15 20:59:50,78,2026-04-15T11:00:25.571Z,False,,,,,,,,,,,,,,,,,,,,,,,,,,,,,,,,,,,,,,,,,,,,,,,,,,,,,,,,,,,,,,,,,,,,,,,,,,,,,,,,,,,,,,
2026-04-15 20:59:50,79,2026-04-15T11:00:25.672Z,False,,,,,,,,,,,,,,,,,,,,,,,,,,,,,,,,,,,,,,,,,,,,,,,,,,,,,,,,,,,,,,,,,,,,,,,,,,,,,,,,,,,,,,
2026-04-15 20:59:50,80,2026-04-15T11:00:25.772Z,False,,,,,,,,,,,,,,,,,,,,,,,,,,,,,,,,,,,,,,,,,,,,,,,,,,,,,,,,,,,,,,,,,,,,,,,,,,,,,,,,,,,,,,
2026-04-15 20:59:50,81,2026-04-15T11:00:25.872Z,False,,,,,,,,,,,,,,,,,,,,,,,,,,,,,,,,,,,,,,,,,,,,,,,,,,,,,,,,,,,,,,,,,,,,,,,,,,,,,,,,,,,,,,
2026-04-15 20:59:50,82,2026-04-15T11:00:25.973Z,False,,,,,,,,,,,,,,,,,,,,,,,,,,,,,,,,,,,,,,,,,,,,,,,,,,,,,,,,,,,,,,,,,,,,,,,,,,,,,,,,,,,,,,
2026-04-15 20:59:50,83,2026-04-15T11:00:26.073Z,False,,,,,,,,,,,,,,,,,,,,,,,,,,,,,,,,,,,,,,,,,,,,,,,,,,,,,,,,,,,,,,,,,,,,,,,,,,,,,,,,,,,,,,
2026-04-15 20:59:50,84,2026-04-15T11:00:26.173Z,False,,,,,,,,,,,,,,,,,,,,,,,,,,,,,,,,,,,,,,,,,,,,,,,,,,,,,,,,,,,,,,,,,,,,,,,,,,,,,,,,,,,,,,
2026-04-15 20:59:50,85,2026-04-15T11:00:26.274Z,False,,,,,,,,,,,,,,,,,,,,,,,,,,,,,,,,,,,,,,,,,,,,,,,,,,,,,,,,,,,,,,,,,,,,,,,,,,,,,,,,,,,,,,
2026-04-15 20:59:50,86,2026-04-15T11:00:26.374Z,False,,,,,,,,,,,,,,,,,,,,,,,,,,,,,,,,,,,,,,,,,,,,,,,,,,,,,,,,,,,,,,,,,,,,,,,,,,,,,,,,,,,,,,
2026-04-15 20:59:50,87,2026-04-15T11:00:26.474Z,False,,,,,,,,,,,,,,,,,,,,,,,,,,,,,,,,,,,,,,,,,,,,,,,,,,,,,,,,,,,,,,,,,,,,,,,,,,,,,,,,,,,,,,
2026-04-15 20:59:50,88,2026-04-15T11:00:26.575Z,False,,,,,,,,,,,,,,,,,,,,,,,,,,,,,,,,,,,,,,,,,,,,,,,,,,,,,,,,,,,,,,,,,,,,,,,,,,,,,,,,,,,,,,
2026-04-15 20:59:50,89,2026-04-15T11:00:26.675Z,False,,,,,,,,,,,,,,,,,,,,,,,,,,,,,,,,,,,,,,,,,,,,,,,,,,,,,,,,,,,,,,,,,,,,,,,,,,,,,,,,,,,,,,
2026-04-15 20:59:50,90,2026-04-15T11:00:26.776Z,False,,,,,,,,,,,,,,,,,,,,,,,,,,,,,,,,,,,,,,,,,,,,,,,,,,,,,,,,,,,,,,,,,,,,,,,,,,,,,,,,,,,,,,
2026-04-15 20:59:50,91,2026-04-15T11:00:26.876Z,False,,,,,,,,,,,,,,,,,,,,,,,,,,,,,,,,,,,,,,,,,,,,,,,,,,,,,,,,,,,,,,,,,,,,,,,,,,,,,,,,,,,,,,
2026-04-15 20:59:50,92,2026-04-15T11:00:26.979Z,False,,,,,,,,,,,,,,,,,,,,,,,,,,,,,,,,,,,,,,,,,,,,,,,,,,,,,,,,,,,,,,,,,,,,,,,,,,,,,,,,,,,,,,
2026-04-15 20:59:50,93,2026-04-15T11:00:27.079Z,False,,,,,,,,,,,,,,,,,,,,,,,,,,,,,,,,,,,,,,,,,,,,,,,,,,,,,,,,,,,,,,,,,,,,,,,,,,,,,,,,,,,,,,
2026-04-15 20:59:50,94,2026-04-15T11:00:27.180Z,False,,,,,,,,,,,,,,,,,,,,,,,,,,,,,,,,,,,,,,,,,,,,,,,,,,,,,,,,,,,,,,,,,,,,,,,,,,,,,,,,,,,,,,
2026-04-15 20:59:50,95,2026-04-15T11:00:27.280Z,False,,,,,,,,,,,,,,,,,,,,,,,,,,,,,,,,,,,,,,,,,,,,,,,,,,,,,,,,,,,,,,,,,,,,,,,,,,,,,,,,,,,,,,
2026-04-15 20:59:50,96,2026-04-15T11:00:27.381Z,False,,,,,,,,,,,,,,,,,,,,,,,,,,,,,,,,,,,,,,,,,,,,,,,,,,,,,,,,,,,,,,,,,,,,,,,,,,,,,,,,,,,,,,
2026-04-15 20:59:50,97,2026-04-15T11:00:27.481Z,False,,,,,,,,,,,,,,,,,,,,,,,,,,,,,,,,,,,,,,,,,,,,,,,,,,,,,,,,,,,,,,,,,,,,,,,,,,,,,,,,,,,,,,
2026-04-15 20:59:50,98,2026-04-15T11:00:27.581Z,False,,,,,,,,,,,,,,,,,,,,,,,,,,,,,,,,,,,,,,,,,,,,,,,,,,,,,,,,,,,,,,,,,,,,,,,,,,,,,,,,,,,,,,
2026-04-15 20:59:50,99,2026-04-15T11:00:27.682Z,False,,,,,,,,,,,,,,,,,,,,,,,,,,,,,,,,,,,,,,,,,,,,,,,,,,,,,,,,,,,,,,,,,,,,,,,,,,,,,,,,,,,,,,
2026-04-15 20:59:50,100,2026-04-15T11:00:27.782Z,False,,,,,,,,,,,,,,,,,,,,,,,,,,,,,,,,,,,,,,,,,,,,,,,,,,,,,,,,,,,,,,,,,,,,,,,,,,,,,,,,,,,,,,
2026-04-15 20:59:50,101,2026-04-15T11:00:27.882Z,False,,,,,,,,,,,,,,,,,,,,,,,,,,,,,,,,,,,,,,,,,,,,,,,,,,,,,,,,,,,,,,,,,,,,,,,,,,,,,,,,,,,,,,
2026-04-15 20:59:50,102,2026-04-15T11:00:27.983Z,False,,,,,,,,,,,,,,,,,,,,,,,,,,,,,,,,,,,,,,,,,,,,,,,,,,,,,,,,,,,,,,,,,,,,,,,,,,,,,,,,,,,,,,
2026-04-15 20:59:50,103,2026-04-15T11:00:28.083Z,False,,,,,,,,,,,,,,,,,,,,,,,,,,,,,,,,,,,,,,,,,,,,,,,,,,,,,,,,,,,,,,,,,,,,,,,,,,,,,,,,,,,,,,
2026-04-15 20:59:50,104,2026-04-15T11:00:28.183Z,False,,,,,,,,,,,,,,,,,,,,,,,,,,,,,,,,,,,,,,,,,,,,,,,,,,,,,,,,,,,,,,,,,,,,,,,,,,,,,,,,,,,,,,
2026-04-15 20:59:50,105,2026-04-15T11:00:28.284Z,False,,,,,,,,,,,,,,,,,,,,,,,,,,,,,,,,,,,,,,,,,,,,,,,,,,,,,,,,,,,,,,,,,,,,,,,,,,,,,,,,,,,,,,
2026-04-15 20:59:50,106,2026-04-15T11:00:28.384Z,False,,,,,,,,,,,,,,,,,,,,,,,,,,,,,,,,,,,,,,,,,,,,,,,,,,,,,,,,,,,,,,,,,,,,,,,,,,,,,,,,,,,,,,
2026-04-15 20:59:50,107,2026-04-15T11:00:28.484Z,False,,,,,,,,,,,,,,,,,,,,,,,,,,,,,,,,,,,,,,,,,,,,,,,,,,,,,,,,,,,,,,,,,,,,,,,,,,,,,,,,,,,,,,
2026-04-15 20:59:50,108,2026-04-15T11:00:28.585Z,False,,,,,,,,,,,,,,,,,,,,,,,,,,,,,,,,,,,,,,,,,,,,,,,,,,,,,,,,,,,,,,,,,,,,,,,,,,,,,,,,,,,,,,
2026-04-15 20:59:50,109,2026-04-15T11:00:28.686Z,False,,,,,,,,,,,,,,,,,,,,,,,,,,,,,,,,,,,,,,,,,,,,,,,,,,,,,,,,,,,,,,,,,,,,,,,,,,,,,,,,,,,,,,
2026-04-15 20:59:50,110,2026-04-15T11:00:28.786Z,False,,,,,,,,,,,,,,,,,,,,,,,,,,,,,,,,,,,,,,,,,,,,,,,,,,,,,,,,,,,,,,,,,,,,,,,,,,,,,,,,,,,,,,
2026-04-15 20:59:50,111,2026-04-15T11:00:28.887Z,False,,,,,,,,,,,,,,,,,,,,,,,,,,,,,,,,,,,,,,,,,,,,,,,,,,,,,,,,,,,,,,,,,,,,,,,,,,,,,,,,,,,,,,
2026-04-15 20:59:50,112,2026-04-15T11:00:28.987Z,False,,,,,,,,,,,,,,,,,,,,,,,,,,,,,,,,,,,,,,,,,,,,,,,,,,,,,,,,,,,,,,,,,,,,,,,,,,,,,,,,,,,,,,
2026-04-15 20:59:50,113,2026-04-15T11:00:29.087Z,False,,,,,,,,,,,,,,,,,,,,,,,,,,,,,,,,,,,,,,,,,,,,,,,,,,,,,,,,,,,,,,,,,,,,,,,,,,,,,,,,,,,,,,
2026-04-15 20:59:50,114,2026-04-15T11:00:29.188Z,False,,,,,,,,,,,,,,,,,,,,,,,,,,,,,,,,,,,,,,,,,,,,,,,,,,,,,,,,,,,,,,,,,,,,,,,,,,,,,,,,,,,,,,
2026-04-15 20:59:50,115,2026-04-15T11:00:29.288Z,False,,,,,,,,,,,,,,,,,,,,,,,,,,,,,,,,,,,,,,,,,,,,,,,,,,,,,,,,,,,,,,,,,,,,,,,,,,,,,,,,,,,,,,
2026-04-15 20:59:50,116,2026-04-15T11:00:29.388Z,False,,,,,,,,,,,,,,,,,,,,,,,,,,,,,,,,,,,,,,,,,,,,,,,,,,,,,,,,,,,,,,,,,,,,,,,,,,,,,,,,,,,,,,
2026-04-15 20:59:50,117,2026-04-15T11:00:29.489Z,False,,,,,,,,,,,,,,,,,,,,,,,,,,,,,,,,,,,,,,,,,,,,,,,,,,,,,,,,,,,,,,,,,,,,,,,,,,,,,,,,,,,,,,
2026-04-15 20:59:50,118,2026-04-15T11:00:29.589Z,False,,,,,,,,,,,,,,,,,,,,,,,,,,,,,,,,,,,,,,,,,,,,,,,,,,,,,,,,,,,,,,,,,,,,,,,,,,,,,,,,,,,,,,
2026-04-15 20:59:50,119,2026-04-15T11:00:29.689Z,False,,,,,,,,,,,,,,,,,,,,,,,,,,,,,,,,,,,,,,,,,,,,,,,,,,,,,,,,,,,,,,,,,,,,,,,,,,,,,,,,,,,,,,
2026-04-15 20:59:50,120,2026-04-15T11:00:29.789Z,False,,,,,,,,,,,,,,,,,,,,,,,,,,,,,,,,,,,,,,,,,,,,,,,,,,,,,,,,,,,,,,,,,,,,,,,,,,,,,,,,,,,,,,
2026-04-15 20:59:50,121,2026-04-15T11:00:29.890Z,False,,,,,,,,,,,,,,,,,,,,,,,,,,,,,,,,,,,,,,,,,,,,,,,,,,,,,,,,,,,,,,,,,,,,,,,,,,,,,,,,,,,,,,
2026-04-15 20:59:50,122,2026-04-15T11:00:29.990Z,False,,,,,,,,,,,,,,,,,,,,,,,,,,,,,,,,,,,,,,,,,,,,,,,,,,,,,,,,,,,,,,,,,,,,,,,,,,,,,,,,,,,,,,
2026-04-15 20:59:50,123,2026-04-15T11:00:30.090Z,False,,,,,,,,,,,,,,,,,,,,,,,,,,,,,,,,,,,,,,,,,,,,,,,,,,,,,,,,,,,,,,,,,,,,,,,,,,,,,,,,,,,,,,
2026-04-15 20:59:50,124,2026-04-15T11:00:30.191Z,False,,,,,,,,,,,,,,,,,,,,,,,,,,,,,,,,,,,,,,,,,,,,,,,,,,,,,,,,,,,,,,,,,,,,,,,,,,,,,,,,,,,,,,
2026-04-15 20:59:50,125,2026-04-15T11:00:30.291Z,False,,,,,,,,,,,,,,,,,,,,,,,,,,,,,,,,,,,,,,,,,,,,,,,,,,,,,,,,,,,,,,,,,,,,,,,,,,,,,,,,,,,,,,
2026-04-15 20:59:50,126,2026-04-15T11:00:30.392Z,False,,,,,,,,,,,,,,,,,,,,,,,,,,,,,,,,,,,,,,,,,,,,,,,,,,,,,,,,,,,,,,,,,,,,,,,,,,,,,,,,,,,,,,
2026-04-15 20:59:50,127,2026-04-15T11:00:30.492Z,False,,,,,,,,,,,,,,,,,,,,,,,,,,,,,,,,,,,,,,,,,,,,,,,,,,,,,,,,,,,,,,,,,,,,,,,,,,,,,,,,,,,,,,
2026-04-15 20:59:50,128,2026-04-15T11:00:30.593Z,False,,,,,,,,,,,,,,,,,,,,,,,,,,,,,,,,,,,,,,,,,,,,,,,,,,,,,,,,,,,,,,,,,,,,,,,,,,,,,,,,,,,,,,
2026-04-15 20:59:50,129,2026-04-15T11:00:30.695Z,False,,,,,,,,,,,,,,,,,,,,,,,,,,,,,,,,,,,,,,,,,,,,,,,,,,,,,,,,,,,,,,,,,,,,,,,,,,,,,,,,,,,,,,
2026-04-15 20:59:50,130,2026-04-15T11:00:30.795Z,False,,,,,,,,,,,,,,,,,,,,,,,,,,,,,,,,,,,,,,,,,,,,,,,,,,,,,,,,,,,,,,,,,,,,,,,,,,,,,,,,,,,,,,
2026-04-15 20:59:50,131,2026-04-15T11:00:30.896Z,False,,,,,,,,,,,,,,,,,,,,,,,,,,,,,,,,,,,,,,,,,,,,,,,,,,,,,,,,,,,,,,,,,,,,,,,,,,,,,,,,,,,,,,
2026-04-15 20:59:50,132,2026-04-15T11:00:30.996Z,False,,,,,,,,,,,,,,,,,,,,,,,,,,,,,,,,,,,,,,,,,,,,,,,,,,,,,,,,,,,,,,,,,,,,,,,,,,,,,,,,,,,,,,
2026-04-15 20:59:50,133,2026-04-15T11:00:31.096Z,False,,,,,,,,,,,,,,,,,,,,,,,,,,,,,,,,,,,,,,,,,,,,,,,,,,,,,,,,,,,,,,,,,,,,,,,,,,,,,,,,,,,,,,
2026-04-15 20:59:50,134,2026-04-15T11:00:31.197Z,False,,,,,,,,,,,,,,,,,,,,,,,,,,,,,,,,,,,,,,,,,,,,,,,,,,,,,,,,,,,,,,,,,,,,,,,,,,,,,,,,,,,,,,
2026-04-15 20:59:50,135,2026-04-15T11:00:31.298Z,False,,,,,,,,,,,,,,,,,,,,,,,,,,,,,,,,,,,,,,,,,,,,,,,,,,,,,,,,,,,,,,,,,,,,,,,,,,,,,,,,,,,,,,
2026-04-15 20:59:50,136,2026-04-15T11:00:31.398Z,False,,,,,,,,,,,,,,,,,,,,,,,,,,,,,,,,,,,,,,,,,,,,,,,,,,,,,,,,,,,,,,,,,,,,,,,,,,,,,,,,,,,,,,
2026-04-15 20:59:50,137,2026-04-15T11:00:31.499Z,False,,,,,,,,,,,,,,,,,,,,,,,,,,,,,,,,,,,,,,,,,,,,,,,,,,,,,,,,,,,,,,,,,,,,,,,,,,,,,,,,,,,,,,
2026-04-15 20:59:50,138,2026-04-15T11:00:31.599Z,False,,,,,,,,,,,,,,,,,,,,,,,,,,,,,,,,,,,,,,,,,,,,,,,,,,,,,,,,,,,,,,,,,,,,,,,,,,,,,,,,,,,,,,
2026-04-15 20:59:50,139,2026-04-15T11:00:31.700Z,False,,,,,,,,,,,,,,,,,,,,,,,,,,,,,,,,,,,,,,,,,,,,,,,,,,,,,,,,,,,,,,,,,,,,,,,,,,,,,,,,,,,,,,
2026-04-15 20:59:50,140,2026-04-15T11:00:31.800Z,False,,,,,,,,,,,,,,,,,,,,,,,,,,,,,,,,,,,,,,,,,,,,,,,,,,,,,,,,,,,,,,,,,,,,,,,,,,,,,,,,,,,,,,
2026-04-15 20:59:50,141,2026-04-15T11:00:31.901Z,False,,,,,,,,,,,,,,,,,,,,,,,,,,,,,,,,,,,,,,,,,,,,,,,,,,,,,,,,,,,,,,,,,,,,,,,,,,,,,,,,,,,,,,
2026-04-15 20:59:50,142,2026-04-15T11:00:32.001Z,False,,,,,,,,,,,,,,,,,,,,,,,,,,,,,,,,,,,,,,,,,,,,,,,,,,,,,,,,,,,,,,,,,,,,,,,,,,,,,,,,,,,,,,
2026-04-15 20:59:50,143,2026-04-15T11:00:32.102Z,False,,,,,,,,,,,,,,,,,,,,,,,,,,,,,,,,,,,,,,,,,,,,,,,,,,,,,,,,,,,,,,,,,,,,,,,,,,,,,,,,,,,,,,
2026-04-15 20:59:50,144,2026-04-15T11:00:32.202Z,False,,,,,,,,,,,,,,,,,,,,,,,,,,,,,,,,,,,,,,,,,,,,,,,,,,,,,,,,,,,,,,,,,,,,,,,,,,,,,,,,,,,,,,
2026-04-15 20:59:50,145,2026-04-15T11:00:32.303Z,False,,,,,,,,,,,,,,,,,,,,,,,,,,,,,,,,,,,,,,,,,,,,,,,,,,,,,,,,,,,,,,,,,,,,,,,,,,,,,,,,,,,,,,
2026-04-15 20:59:50,146,2026-04-15T11:00:32.404Z,False,,,,,,,,,,,,,,,,,,,,,,,,,,,,,,,,,,,,,,,,,,,,,,,,,,,,,,,,,,,,,,,,,,,,,,,,,,,,,,,,,,,,,,
2026-04-15 20:59:50,147,2026-04-15T11:00:32.504Z,False,,,,,,,,,,,,,,,,,,,,,,,,,,,,,,,,,,,,,,,,,,,,,,,,,,,,,,,,,,,,,,,,,,,,,,,,,,,,,,,,,,,,,,
2026-04-15 20:59:50,148,2026-04-15T11:00:32.604Z,False,,,,,,,,,,,,,,,,,,,,,,,,,,,,,,,,,,,,,,,,,,,,,,,,,,,,,,,,,,,,,,,,,,,,,,,,,,,,,,,,,,,,,,
2026-04-15 20:59:50,149,2026-04-15T11:00:32.706Z,False,,,,,,,,,,,,,,,,,,,,,,,,,,,,,,,,,,,,,,,,,,,,,,,,,,,,,,,,,,,,,,,,,,,,,,,,,,,,,,,,,,,,,,
2026-04-15 20:59:50,150,2026-04-15T11:00:32.807Z,False,,,,,,,,,,,,,,,,,,,,,,,,,,,,,,,,,,,,,,,,,,,,,,,,,,,,,,,,,,,,,,,,,,,,,,,,,,,,,,,,,,,,,,
2026-04-15 20:59:50,151,2026-04-15T11:00:32.907Z,False,,,,,,,,,,,,,,,,,,,,,,,,,,,,,,,,,,,,,,,,,,,,,,,,,,,,,,,,,,,,,,,,,,,,,,,,,,,,,,,,,,,,,,
2026-04-15 20:59:50,152,2026-04-15T11:00:33.008Z,False,,,,,,,,,,,,,,,,,,,,,,,,,,,,,,,,,,,,,,,,,,,,,,,,,,,,,,,,,,,,,,,,,,,,,,,,,,,,,,,,,,,,,,
2026-04-15 20:59:50,153,2026-04-15T11:00:33.108Z,False,,,,,,,,,,,,,,,,,,,,,,,,,,,,,,,,,,,,,,,,,,,,,,,,,,,,,,,,,,,,,,,,,,,,,,,,,,,,,,,,,,,,,,
2026-04-15 20:59:50,154,2026-04-15T11:00:33.208Z,False,,,,,,,,,,,,,,,,,,,,,,,,,,,,,,,,,,,,,,,,,,,,,,,,,,,,,,,,,,,,,,,,,,,,,,,,,,,,,,,,,,,,,,
2026-04-15 20:59:50,155,2026-04-15T11:00:33.309Z,False,,,,,,,,,,,,,,,,,,,,,,,,,,,,,,,,,,,,,,,,,,,,,,,,,,,,,,,,,,,,,,,,,,,,,,,,,,,,,,,,,,,,,,
2026-04-15 20:59:50,156,2026-04-15T11:00:33.409Z,False,,,,,,,,,,,,,,,,,,,,,,,,,,,,,,,,,,,,,,,,,,,,,,,,,,,,,,,,,,,,,,,,,,,,,,,,,,,,,,,,,,,,,,
2026-04-15 20:59:50,157,2026-04-15T11:00:33.510Z,False,,,,,,,,,,,,,,,,,,,,,,,,,,,,,,,,,,,,,,,,,,,,,,,,,,,,,,,,,,,,,,,,,,,,,,,,,,,,,,,,,,,,,,
2026-04-15 20:59:50,158,2026-04-15T11:00:33.610Z,False,,,,,,,,,,,,,,,,,,,,,,,,,,,,,,,,,,,,,,,,,,,,,,,,,,,,,,,,,,,,,,,,,,,,,,,,,,,,,,,,,,,,,,
2026-04-15 20:59:50,159,2026-04-15T11:00:33.711Z,False,,,,,,,,,,,,,,,,,,,,,,,,,,,,,,,,,,,,,,,,,,,,,,,,,,,,,,,,,,,,,,,,,,,,,,,,,,,,,,,,,,,,,,
2026-04-15 20:59:50,160,2026-04-15T11:00:33.811Z,False,,,,,,,,,,,,,,,,,,,,,,,,,,,,,,,,,,,,,,,,,,,,,,,,,,,,,,,,,,,,,,,,,,,,,,,,,,,,,,,,,,,,,,
2026-04-15 20:59:50,161,2026-04-15T11:00:33.912Z,False,,,,,,,,,,,,,,,,,,,,,,,,,,,,,,,,,,,,,,,,,,,,,,,,,,,,,,,,,,,,,,,,,,,,,,,,,,,,,,,,,,,,,,
2026-04-15 20:59:50,162,2026-04-15T11:00:34.012Z,False,,,,,,,,,,,,,,,,,,,,,,,,,,,,,,,,,,,,,,,,,,,,,,,,,,,,,,,,,,,,,,,,,,,,,,,,,,,,,,,,,,,,,,
2026-04-15 20:59:50,163,2026-04-15T11:00:34.112Z,False,,,,,,,,,,,,,,,,,,,,,,,,,,,,,,,,,,,,,,,,,,,,,,,,,,,,,,,,,,,,,,,,,,,,,,,,,,,,,,,,,,,,,,
2026-04-15 20:59:50,164,2026-04-15T11:00:34.213Z,False,,,,,,,,,,,,,,,,,,,,,,,,,,,,,,,,,,,,,,,,,,,,,,,,,,,,,,,,,,,,,,,,,,,,,,,,,,,,,,,,,,,,,,
2026-04-15 20:59:50,165,2026-04-15T11:00:34.314Z,False,,,,,,,,,,,,,,,,,,,,,,,,,,,,,,,,,,,,,,,,,,,,,,,,,,,,,,,,,,,,,,,,,,,,,,,,,,,,,,,,,,,,,,
2026-04-15 20:59:50,166,2026-04-15T11:00:34.414Z,False,,,,,,,,,,,,,,,,,,,,,,,,,,,,,,,,,,,,,,,,,,,,,,,,,,,,,,,,,,,,,,,,,,,,,,,,,,,,,,,,,,,,,,
2026-04-15 20:59:50,167,2026-04-15T11:00:34.515Z,False,,,,,,,,,,,,,,,,,,,,,,,,,,,,,,,,,,,,,,,,,,,,,,,,,,,,,,,,,,,,,,,,,,,,,,,,,,,,,,,,,,,,,,
2026-04-15 20:59:50,168,2026-04-15T11:00:34.615Z,False,,,,,,,,,,,,,,,,,,,,,,,,,,,,,,,,,,,,,,,,,,,,,,,,,,,,,,,,,,,,,,,,,,,,,,,,,,,,,,,,,,,,,,
2026-04-15 20:59:50,169,2026-04-15T11:00:34.716Z,False,,,,,,,,,,,,,,,,,,,,,,,,,,,,,,,,,,,,,,,,,,,,,,,,,,,,,,,,,,,,,,,,,,,,,,,,,,,,,,,,,,,,,,
2026-04-15 20:59:50,170,2026-04-15T11:00:34.816Z,False,,,,,,,,,,,,,,,,,,,,,,,,,,,,,,,,,,,,,,,,,,,,,,,,,,,,,,,,,,,,,,,,,,,,,,,,,,,,,,,,,,,,,,
2026-04-15 20:59:50,171,2026-04-15T11:00:34.917Z,False,,,,,,,,,,,,,,,,,,,,,,,,,,,,,,,,,,,,,,,,,,,,,,,,,,,,,,,,,,,,,,,,,,,,,,,,,,,,,,,,,,,,,,
2026-04-15 20:59:50,172,2026-04-15T11:00:35.017Z,False,,,,,,,,,,,,,,,,,,,,,,,,,,,,,,,,,,,,,,,,,,,,,,,,,,,,,,,,,,,,,,,,,,,,,,,,,,,,,,,,,,,,,,
2026-04-15 20:59:50,173,2026-04-15T11:00:35.118Z,False,,,,,,,,,,,,,,,,,,,,,,,,,,,,,,,,,,,,,,,,,,,,,,,,,,,,,,,,,,,,,,,,,,,,,,,,,,,,,,,,,,,,,,
2026-04-15 20:59:50,174,2026-04-15T11:00:35.218Z,False,,,,,,,,,,,,,,,,,,,,,,,,,,,,,,,,,,,,,,,,,,,,,,,,,,,,,,,,,,,,,,,,,,,,,,,,,,,,,,,,,,,,,,
2026-04-15 20:59:50,175,2026-04-15T11:00:35.319Z,False,,,,,,,,,,,,,,,,,,,,,,,,,,,,,,,,,,,,,,,,,,,,,,,,,,,,,,,,,,,,,,,,,,,,,,,,,,,,,,,,,,,,,,
2026-04-15 20:59:50,176,2026-04-15T11:00:35.419Z,False,,,,,,,,,,,,,,,,,,,,,,,,,,,,,,,,,,,,,,,,,,,,,,,,,,,,,,,,,,,,,,,,,,,,,,,,,,,,,,,,,,,,,,
2026-04-15 20:59:50,177,2026-04-15T11:00:35.520Z,False,,,,,,,,,,,,,,,,,,,,,,,,,,,,,,,,,,,,,,,,,,,,,,,,,,,,,,,,,,,,,,,,,,,,,,,,,,,,,,,,,,,,,,
2026-04-15 20:59:50,178,2026-04-15T11:00:35.620Z,False,,,,,,,,,,,,,,,,,,,,,,,,,,,,,,,,,,,,,,,,,,,,,,,,,,,,,,,,,,,,,,,,,,,,,,,,,,,,,,,,,,,,,,
2026-04-15 20:59:50,179,2026-04-15T11:00:35.721Z,False,,,,,,,,,,,,,,,,,,,,,,,,,,,,,,,,,,,,,,,,,,,,,,,,,,,,,,,,,,,,,,,,,,,,,,,,,,,,,,,,,,,,,,
2026-04-15 20:59:50,180,2026-04-15T11:00:35.822Z,False,,,,,,,,,,,,,,,,,,,,,,,,,,,,,,,,,,,,,,,,,,,,,,,,,,,,,,,,,,,,,,,,,,,,,,,,,,,,,,,,,,,,,,
2026-04-15 20:59:50,181,2026-04-15T11:00:35.922Z,False,,,,,,,,,,,,,,,,,,,,,,,,,,,,,,,,,,,,,,,,,,,,,,,,,,,,,,,,,,,,,,,,,,,,,,,,,,,,,,,,,,,,,,
2026-04-15 20:59:50,182,2026-04-15T11:00:36.023Z,False,,,,,,,,,,,,,,,,,,,,,,,,,,,,,,,,,,,,,,,,,,,,,,,,,,,,,,,,,,,,,,,,,,,,,,,,,,,,,,,,,,,,,,
2026-04-15 20:59:50,183,2026-04-15T11:00:36.123Z,False,,,,,,,,,,,,,,,,,,,,,,,,,,,,,,,,,,,,,,,,,,,,,,,,,,,,,,,,,,,,,,,,,,,,,,,,,,,,,,,,,,,,,,
2026-04-15 20:59:50,184,2026-04-15T11:00:36.224Z,False,,,,,,,,,,,,,,,,,,,,,,,,,,,,,,,,,,,,,,,,,,,,,,,,,,,,,,,,,,,,,,,,,,,,,,,,,,,,,,,,,,,,,,
2026-04-15 20:59:50,185,2026-04-15T11:00:36.324Z,False,,,,,,,,,,,,,,,,,,,,,,,,,,,,,,,,,,,,,,,,,,,,,,,,,,,,,,,,,,,,,,,,,,,,,,,,,,,,,,,,,,,,,,
2026-04-15 20:59:50,186,2026-04-15T11:00:36.424Z,False,,,,,,,,,,,,,,,,,,,,,,,,,,,,,,,,,,,,,,,,,,,,,,,,,,,,,,,,,,,,,,,,,,,,,,,,,,,,,,,,,,,,,,
2026-04-15 20:59:50,187,2026-04-15T11:00:36.525Z,False,,,,,,,,,,,,,,,,,,,,,,,,,,,,,,,,,,,,,,,,,,,,,,,,,,,,,,,,,,,,,,,,,,,,,,,,,,,,,,,,,,,,,,
2026-04-15 20:59:50,188,2026-04-15T11:00:36.625Z,False,,,,,,,,,,,,,,,,,,,,,,,,,,,,,,,,,,,,,,,,,,,,,,,,,,,,,,,,,,,,,,,,,,,,,,,,,,,,,,,,,,,,,,
2026-04-15 20:59:50,189,2026-04-15T11:00:36.726Z,False,,,,,,,,,,,,,,,,,,,,,,,,,,,,,,,,,,,,,,,,,,,,,,,,,,,,,,,,,,,,,,,,,,,,,,,,,,,,,,,,,,,,,,
2026-04-15 20:59:50,190,2026-04-15T11:00:36.827Z,False,,,,,,,,,,,,,,,,,,,,,,,,,,,,,,,,,,,,,,,,,,,,,,,,,,,,,,,,,,,,,,,,,,,,,,,,,,,,,,,,,,,,,,
2026-04-15 20:59:50,191,2026-04-15T11:00:36.927Z,False,,,,,,,,,,,,,,,,,,,,,,,,,,,,,,,,,,,,,,,,,,,,,,,,,,,,,,,,,,,,,,,,,,,,,,,,,,,,,,,,,,,,,,
2026-04-15 20:59:50,192,2026-04-15T11:00:37.028Z,False,,,,,,,,,,,,,,,,,,,,,,,,,,,,,,,,,,,,,,,,,,,,,,,,,,,,,,,,,,,,,,,,,,,,,,,,,,,,,,,,,,,,,,
2026-04-15 20:59:50,193,2026-04-15T11:00:37.128Z,False,,,,,,,,,,,,,,,,,,,,,,,,,,,,,,,,,,,,,,,,,,,,,,,,,,,,,,,,,,,,,,,,,,,,,,,,,,,,,,,,,,,,,,
2026-04-15 20:59:50,194,2026-04-15T11:00:37.228Z,False,,,,,,,,,,,,,,,,,,,,,,,,,,,,,,,,,,,,,,,,,,,,,,,,,,,,,,,,,,,,,,,,,,,,,,,,,,,,,,,,,,,,,,
2026-04-15 20:59:50,195,2026-04-15T11:00:37.329Z,False,,,,,,,,,,,,,,,,,,,,,,,,,,,,,,,,,,,,,,,,,,,,,,,,,,,,,,,,,,,,,,,,,,,,,,,,,,,,,,,,,,,,,,
2026-04-15 20:59:50,196,2026-04-15T11:00:37.430Z,False,,,,,,,,,,,,,,,,,,,,,,,,,,,,,,,,,,,,,,,,,,,,,,,,,,,,,,,,,,,,,,,,,,,,,,,,,,,,,,,,,,,,,,
2026-04-15 20:59:50,197,2026-04-15T11:00:37.530Z,False,,,,,,,,,,,,,,,,,,,,,,,,,,,,,,,,,,,,,,,,,,,,,,,,,,,,,,,,,,,,,,,,,,,,,,,,,,,,,,,,,,,,,,
2026-04-15 20:59:50,198,2026-04-15T11:00:37.630Z,False,,,,,,,,,,,,,,,,,,,,,,,,,,,,,,,,,,,,,,,,,,,,,,,,,,,,,,,,,,,,,,,,,,,,,,,,,,,,,,,,,,,,,,
2026-04-15 20:59:50,199,2026-04-15T11:00:37.731Z,False,,,,,,,,,,,,,,,,,,,,,,,,,,,,,,,,,,,,,,,,,,,,,,,,,,,,,,,,,,,,,,,,,,,,,,,,,,,,,,,,,,,,,,
2026-04-15 20:59:50,200,2026-04-15T11:00:37.832Z,False,,,,,,,,,,,,,,,,,,,,,,,,,,,,,,,,,,,,,,,,,,,,,,,,,,,,,,,,,,,,,,,,,,,,,,,,,,,,,,,,,,,,,,
2026-04-15 20:59:50,201,2026-04-15T11:00:37.932Z,False,,,,,,,,,,,,,,,,,,,,,,,,,,,,,,,,,,,,,,,,,,,,,,,,,,,,,,,,,,,,,,,,,,,,,,,,,,,,,,,,,,,,,,
2026-04-15 20:59:50,202,2026-04-15T11:00:38.033Z,False,,,,,,,,,,,,,,,,,,,,,,,,,,,,,,,,,,,,,,,,,,,,,,,,,,,,,,,,,,,,,,,,,,,,,,,,,,,,,,,,,,,,,,
2026-04-15 20:59:50,203,2026-04-15T11:00:38.133Z,False,,,,,,,,,,,,,,,,,,,,,,,,,,,,,,,,,,,,,,,,,,,,,,,,,,,,,,,,,,,,,,,,,,,,,,,,,,,,,,,,,,,,,,
2026-04-15 20:59:50,204,2026-04-15T11:00:38.233Z,False,,,,,,,,,,,,,,,,,,,,,,,,,,,,,,,,,,,,,,,,,,,,,,,,,,,,,,,,,,,,,,,,,,,,,,,,,,,,,,,,,,,,,,
2026-04-15 20:59:50,205,2026-04-15T11:00:38.334Z,False,,,,,,,,,,,,,,,,,,,,,,,,,,,,,,,,,,,,,,,,,,,,,,,,,,,,,,,,,,,,,,,,,,,,,,,,,,,,,,,,,,,,,,
2026-04-15 20:59:50,206,2026-04-15T11:00:38.435Z,False,,,,,,,,,,,,,,,,,,,,,,,,,,,,,,,,,,,,,,,,,,,,,,,,,,,,,,,,,,,,,,,,,,,,,,,,,,,,,,,,,,,,,,
2026-04-15 20:59:50,207,2026-04-15T11:00:38.535Z,False,,,,,,,,,,,,,,,,,,,,,,,,,,,,,,,,,,,,,,,,,,,,,,,,,,,,,,,,,,,,,,,,,,,,,,,,,,,,,,,,,,,,,,
2026-04-15 20:59:50,208,2026-04-15T11:00:38.636Z,False,,,,,,,,,,,,,,,,,,,,,,,,,,,,,,,,,,,,,,,,,,,,,,,,,,,,,,,,,,,,,,,,,,,,,,,,,,,,,,,,,,,,,,
2026-04-15 20:59:50,209,2026-04-15T11:00:38.737Z,False,,,,,,,,,,,,,,,,,,,,,,,,,,,,,,,,,,,,,,,,,,,,,,,,,,,,,,,,,,,,,,,,,,,,,,,,,,,,,,,,,,,,,,
2026-04-15 20:59:50,210,2026-04-15T11:00:38.837Z,False,,,,,,,,,,,,,,,,,,,,,,,,,,,,,,,,,,,,,,,,,,,,,,,,,,,,,,,,,,,,,,,,,,,,,,,,,,,,,,,,,,,,,,
2026-04-15 20:59:50,211,2026-04-15T11:00:38.938Z,False,,,,,,,,,,,,,,,,,,,,,,,,,,,,,,,,,,,,,,,,,,,,,,,,,,,,,,,,,,,,,,,,,,,,,,,,,,,,,,,,,,,,,,
